date,time,V1,V2,V3,I1,I2,I3,I4,O1,O2
04/28/2023,00:03:27,13.387,5.002,0,-0.001,0,0.025,0,0,0
04/28/2023,00:13:27,13.387,5.002,0,-0.001,-0.001,0.025,0,0,0
04/28/2023,00:23:27,13.387,5.002,0,-0.001,-0.001,0.025,0,0,0
04/28/2023,00:33:27,13.387,5.002,0,-0.001,0,0.025,0,0,0
04/28/2023,00:43:27,13.387,5.002,0,-0.001,-0.001,0.025,0,0,0
04/28/2023,00:53:27,13.387,5.002,0,-0.001,-0.001,0.025,0,0,0
04/28/2023,01:03:27,13.387,5.002,0,-0.001,-0.001,0.025,0,0,0
04/28/2023,01:13:27,13.387,5.002,0,-0.001,-0.001,0.025,0,0,0
04/28/2023,01:23:27,13.387,5.002,0,-0.001,-0.001,0.026,0,0,0
04/28/2023,01:33:27,13.387,5.002,0,-0.001,0,0.025,0,0,0
04/28/2023,01:43:27,13.387,5.002,0,-0.001,-0.001,0.025,0,0,0
04/28/2023,01:53:27,13.387,5.002,0,-0.001,-0.001,0.025,0,0,0
04/28/2023,02:03:27,13.387,5.002,0,-0.001,-0.001,0.025,0,0,0
04/28/2023,02:13:27,13.387,5.002,0,-0.001,-0.001,0.025,0,0,0
04/28/2023,02:23:27,13.387,5.002,0,-0.001,-0.001,0.025,0,0,0
04/28/2023,02:33:27,13.387,5.002,0,-0.001,-0.001,0.025,0,0,0
04/28/2023,02:43:27,13.387,5.002,0,-0.001,-0.001,0.026,0,0,0
04/28/2023,02:53:27,13.387,5.002,0,-0.001,-0.001,0.025,0,0,0
04/28/2023,03:03:27,13.387,5.002,0,-0.001,-0.001,0.025,0,0,0
04/28/2023,03:13:27,13.387,5.002,0,-0.001,-0.001,0.025,0,0,0
04/28/2023,03:23:27,13.387,5.002,0,-0.001,-0.001,0.025,0,0,0
04/28/2023,03:33:27,13.387,5.002,0,-0.001,0,0.025,0,0,0
04/28/2023,03:43:27,13.387,5.002,0,-0.001,-0.001,0.025,0,0,0
04/28/2023,03:53:27,13.387,5.002,0,-0.001,-0.001,0.026,0,0,0
04/28/2023,04:03:27,13.387,5.002,0,-0.001,-0.001,0.026,0,0,0
04/28/2023,04:13:27,13.387,5.002,0,-0.001,-0.001,0.026,0,0,0
04/28/2023,04:23:27,13.332,5.002,0,-0.001,-0.001,0.025,0,0,0
04/28/2023,04:33:27,13.332,5.002,0,-0.001,-0.001,0.025,0,0,0
04/28/2023,04:43:27,13.332,5.002,0,-0.001,-0.001,0.025,0,0,0
04/28/2023,04:53:27,13.332,5.002,0,-0.001,-0.001,0.025,0,0,0
04/28/2023,05:03:27,13.332,5.002,0,-0.001,-0.001,0.025,0,0,0
04/28/2023,05:13:27,13.332,5.002,0,-0.001,-0.001,0.025,0,0,0
04/28/2023,05:23:27,13.332,5.002,0,-0.001,-0.001,0.025,0,0,0
04/28/2023,05:33:27,13.332,5.002,0,-0.001,0,0.025,0,0,0
04/28/2023,05:43:27,13.332,5.002,0,-0.001,-0.001,0.025,0,0,0
04/28/2023,05:53:27,13.332,5.002,0,-0.001,-0.001,0.026,0,0,0
04/28/2023,06:03:27,13.332,5.002,0,-0.001,-0.001,0.025,0,0,0
04/28/2023,06:13:27,13.332,5.002,0,-0.001,-0.001,0.025,0,0,0
04/28/2023,06:23:27,13.332,5.002,0.11,-0.001,-0.001,0.025,0,0.11,0
04/28/2023,06:33:27,13.332,5.002,1.342,-0.001,-0.001,0.025,0,1.133,0.001
04/28/2023,06:43:27,13.332,5.002,8.008,-0.001,-0.001,0.025,0.003,7.579,0.003
04/28/2023,06:53:27,13.123,4.88,12.848,0.034,0.819,0.025,0.004,13.871,0.005
04/28/2023,07:03:27,13.123,4.88,13.442,-0.001,0.921,0.025,0.008,16.72,0.01
04/28/2023,07:13:27,13.123,4.88,13.651,-0.001,0.888,0.025,0.013,17.908,0.015
04/28/2023,07:23:27,13.123,4.88,13.651,-0.001,0.922,0.026,0.017,18.491,0.02
04/28/2023,07:33:27,13.123,4.88,13.761,-0.001,1.093,0.026,0.022,18.876,0.024
04/28/2023,07:43:27,13.013,4.819,13.706,0.011,1.428,0.025,0.026,19.14,0.028
04/28/2023,07:53:27,13.068,4.819,13.871,-0.002,1.398,0.025,0.036,19.734,0.04
04/28/2023,08:03:27,13.068,4.819,14.355,-0.002,1.329,0.025,0.065,20.482,0.069
04/28/2023,08:13:27,13.068,4.819,14.52,-0.001,1.319,0.025,0.099,20.911,0.103
04/28/2023,08:23:27,13.123,4.819,14.729,-0.002,1.299,0.025,0.138,21.241,0.142
04/28/2023,08:33:27,13.167,4.88,14.949,-0.001,0.9,0.025,0.176,21.45,0.182
04/28/2023,08:43:27,13.222,4.88,15.004,-0.001,0.894,0.025,0.215,21.56,0.22
04/28/2023,08:53:27,13.222,4.88,15.059,-0.001,0.917,0.026,0.259,21.56,0.264
04/28/2023,09:03:27,13.277,4.88,15.004,-0.001,0.957,0.025,0.307,21.505,0.313
04/28/2023,09:13:27,13.332,4.88,15.059,-0.001,0.937,0.025,0.356,21.505,0.363
04/28/2023,09:23:27,13.387,4.88,15.213,-0.001,0.915,0.026,0.406,21.505,0.413
04/28/2023,09:33:27,13.442,4.88,15.268,-0.001,0.841,0.026,0.456,21.56,0.463
04/28/2023,09:43:27,13.497,4.88,15.323,-0.001,0.805,0.025,0.505,21.615,0.513
04/28/2023,09:53:27,13.552,4.88,15.378,-0.001,0.746,0.025,0.554,21.67,0.562
04/28/2023,10:03:27,13.552,4.88,15.378,-0.001,0.628,0.025,0.6,21.615,0.609
04/28/2023,10:13:27,13.607,4.88,15.323,-0.001,0.703,0.026,0.645,21.56,0.654
04/28/2023,10:23:27,13.607,4.88,15.433,-0.001,0.682,0.026,0.688,21.56,0.698
04/28/2023,10:33:27,13.651,4.88,15.543,-0.001,0.747,0.025,0.729,21.615,0.74
04/28/2023,10:43:27,13.651,4.941,15.587,-0.001,0.725,0.026,0.768,21.56,0.78
04/28/2023,10:53:27,13.706,4.941,15.543,-0.001,0.696,0.025,0.807,21.505,0.819
04/28/2023,11:03:27,13.761,4.941,15.543,-0.001,0.597,0.025,0.844,21.505,0.856
04/28/2023,11:13:27,13.761,4.941,15.543,-0.001,0.477,0.026,0.877,21.56,0.891
04/28/2023,11:23:27,13.816,4.941,15.488,-0.001,0.39,0.025,0.91,21.45,0.925
04/28/2023,11:33:27,13.816,4.941,15.488,-0.001,0.333,0.026,0.94,21.45,0.955
04/28/2023,11:43:27,13.871,4.941,15.488,-0.001,0.291,0.025,0.969,21.45,0.984
04/28/2023,11:53:27,13.871,5.002,15.488,-0.002,0.241,0.025,0.995,21.45,1.011
04/28/2023,12:03:27,13.871,5.002,15.488,-0.001,0.216,0.025,1.019,21.395,1.035
04/28/2023,12:13:27,13.926,5.002,15.642,-0.001,0.052,0.025,1.037,21.395,1.056
04/28/2023,12:23:27,13.981,5.002,15.642,-0.002,-0.001,0.026,1.053,21.285,1.075
04/28/2023,12:33:27,14.036,5.002,15.488,-0.001,0,0.025,1.067,21.131,1.091
04/28/2023,12:43:27,14.135,5.002,15.488,-0.001,-0.001,0.026,1.077,21.131,1.101
04/28/2023,12:53:27,14.41,5.002,18.766,-0.001,-0.001,0.026,0.613,21.076,1.111
04/28/2023,13:03:27,14.465,5.002,20.427,-0.001,-0.001,0.026,0.168,20.856,1.124
04/28/2023,13:13:27,14.465,5.002,20.592,-0.001,-0.001,0.026,0.105,20.801,1.132
04/28/2023,13:23:27,14.465,5.002,20.592,-0.001,-0.001,0.026,0.087,20.801,1.138
04/28/2023,13:33:27,14.465,5.002,20.647,-0.001,-0.001,0.026,0.076,20.801,1.139
04/28/2023,13:43:27,14.465,5.002,20.592,-0.001,-0.001,0.026,0.07,20.757,1.142
04/28/2023,13:53:27,14.465,5.002,20.537,-0.001,-0.001,0.026,0.067,20.702,1.138
04/28/2023,14:03:27,14.465,5.002,20.537,-0.001,0,0.026,0.063,20.702,1.134
04/28/2023,14:13:27,14.465,5.002,20.537,-0.001,-0.001,0.026,0.061,20.702,1.125
04/28/2023,14:23:27,14.465,5.002,20.537,-0.001,-0.001,0.026,0.059,20.702,1.113
04/28/2023,14:33:27,14.465,5.002,20.702,-0.001,-0.001,0.026,0.057,20.856,1.097
04/28/2023,14:43:27,14.465,5.002,20.757,-0.001,-0.001,0.026,0.056,20.911,1.075
04/28/2023,14:53:27,14.465,5.002,20.702,-0.001,0,0.026,0.056,20.856,1.049
04/28/2023,15:03:27,14.465,5.002,20.757,-0.001,-0.001,0.026,0.056,20.911,1.028
04/28/2023,15:13:27,14.465,5.002,20.801,-0.001,-0.001,0.026,0.055,20.911,1.003
04/28/2023,15:23:27,14.465,5.002,20.856,-0.001,-0.001,0.026,0.054,20.966,0.974
04/28/2023,15:33:27,14.465,5.002,20.911,-0.001,-0.001,0.026,0.054,21.021,0.944
04/28/2023,15:43:27,14.465,5.002,20.801,-0.001,-0.001,0.026,0.054,20.966,0.918
04/28/2023,15:53:27,14.52,5.002,20.911,-0.001,-0.001,0.026,0.054,21.076,0.885
04/28/2023,16:03:27,14.52,5.002,20.856,-0.001,-0.001,0.026,0.054,21.021,0.848
04/28/2023,16:13:27,14.52,5.002,20.856,-0.001,-0.001,0.026,0.054,21.076,0.805
04/28/2023,16:23:27,14.465,5.002,20.966,-0.001,-0.001,0.026,0.053,21.131,0.762
04/28/2023,16:33:27,14.465,5.002,20.911,-0.001,-0.001,0.026,0.053,21.076,0.721
04/28/2023,16:43:27,14.52,5.002,20.966,-0.001,-0.001,0.026,0.053,21.131,0.678
04/28/2023,16:53:27,14.52,5.002,20.966,-0.001,0,0.026,0.053,21.131,0.635
04/28/2023,17:03:27,14.465,5.002,20.966,-0.001,-0.001,0.026,0.053,21.131,0.584
04/28/2023,17:13:27,14.52,5.002,20.911,-0.001,-0.001,0.026,0.053,21.131,0.527
04/28/2023,17:23:27,14.52,5.002,20.856,-0.001,-0.001,0.026,0.053,21.076,0.47
04/28/2023,17:33:27,14.465,5.002,18.491,-0.001,-0.001,0.026,0.045,19.624,0.236
04/28/2023,17:43:27,14.135,5.002,14.784,-0.001,-0.001,0.025,0.024,18.062,0.03
04/28/2023,17:53:27,13.926,5.002,14.465,-0.001,-0.001,0.025,0.021,17.952,0.026
04/28/2023,18:03:27,13.706,5.002,14.245,-0.001,0,0.025,0.017,17.633,0.021
04/28/2023,18:13:27,13.607,5.002,14.091,-0.001,-0.001,0.025,0.012,17.039,0.016
04/28/2023,18:23:27,13.552,5.002,13.651,-0.001,-0.001,0.025,0.006,15.587,0.01
04/28/2023,18:33:27,13.442,5.002,12.584,0.111,-0.001,0.025,0.003,12.364,0.005
04/28/2023,18:43:27,13.277,5.002,6.072,0.195,-0.001,0.025,0.002,5.049,0.002
04/28/2023,18:53:27,13.387,5.002,0.649,-0.001,-0.001,0.025,0,0.429,0
04/28/2023,19:03:27,13.442,5.002,0.055,-0.001,0,0.025,0,0.055,0
04/28/2023,19:13:27,13.442,5.002,0,-0.001,-0.001,0.025,0,0,0
04/28/2023,19:23:27,13.442,5.002,0,-0.001,-0.001,0.025,0,0,0
04/28/2023,19:33:27,13.442,5.002,0,-0.001,-0.001,0.025,0,0,0
04/28/2023,19:43:27,13.387,5.002,0,-0.001,-0.001,0.025,0,0,0
04/28/2023,19:53:27,13.387,5.002,0,-0.001,-0.001,0.025,0,0,0
04/28/2023,20:03:27,13.387,5.002,0,-0.001,0,0.025,0,0,0
04/28/2023,20:13:27,13.387,5.002,0,-0.001,-0.001,0.025,0,0,0
04/28/2023,20:23:27,13.387,5.002,0,-0.001,0,0.025,0,0,0
04/28/2023,20:33:27,13.387,5.002,0,-0.001,0,0.025,0,0,0
04/28/2023,20:43:27,13.387,5.002,0,-0.001,-0.001,0.025,0,0,0
04/28/2023,20:53:27,13.387,5.002,0,-0.001,-0.001,0.025,0,0,0
04/28/2023,21:03:27,13.387,5.002,0,-0.001,0,0.025,0,0,0
04/28/2023,21:13:27,13.387,5.002,0,0.056,-0.001,0.025,0,0,0
04/28/2023,21:23:27,13.277,5.002,0,0.245,-0.001,0.025,0,0,0
04/28/2023,21:33:27,13.277,5.002,0,0.249,-0.001,0.025,0,0,0
04/28/2023,21:43:27,13.277,5.002,0,0.245,-0.001,0.025,0,0,0.001
04/28/2023,21:53:27,13.222,5.002,0,0.246,-0.001,0.025,0,0,0
04/28/2023,22:03:27,13.222,5.002,0,0.248,-0.001,0.025,0,0,0
04/28/2023,22:13:27,13.222,5.002,0,0.249,-0.001,0.025,0,0,0
04/28/2023,22:23:27,13.222,5.002,0,0.25,-0.001,0.025,0,0,0
04/28/2023,22:33:27,13.222,5.002,0,0.25,-0.001,0.025,0,0,0
04/28/2023,22:43:27,13.222,5.002,0,0.251,-0.001,0.025,0,0,0
04/28/2023,22:53:27,13.222,5.002,0,0.253,-0.001,0.025,0,0,0
04/28/2023,23:03:27,13.222,5.002,0,0.253,-0.001,0.025,0,0,0
04/28/2023,23:13:27,13.222,5.002,0,0.254,-0.001,0.025,0,0,0
04/28/2023,23:23:27,13.222,5.002,0,0.254,-0.001,0.025,0,0,0
04/28/2023,23:33:27,13.222,5.002,0,0.255,-0.001,0.026,0,0,0
04/28/2023,23:43:27,13.222,5.002,0,0.256,-0.001,0.025,0,0,0
04/28/2023,23:53:27,13.222,5.002,0,0.257,-0.001,0.025,0,0,0
04/29/2023,00:03:27,13.222,5.002,0,0.255,-0.001,0.025,0,0,0
04/29/2023,00:13:27,13.222,5.002,0,0.257,-0.001,0.025,0,0,0
04/29/2023,00:23:27,13.222,5.002,0,0.257,-0.001,0.025,0,0,0
04/29/2023,00:33:27,13.222,5.002,0,0.258,-0.001,0.025,0,0,0
04/29/2023,00:43:27,13.222,5.002,0,0.259,-0.001,0.025,0,0,0
04/29/2023,00:53:27,13.222,5.002,0,0.259,-0.001,0.025,0,0,0
04/29/2023,01:03:27,13.222,5.002,0,0.254,-0.001,0.025,0,0,0
04/29/2023,01:13:27,13.222,5.002,0,0.252,-0.001,0.025,0,0,0
04/29/2023,01:23:27,13.222,5.002,0,0.255,-0.001,0.025,0,0,0
04/29/2023,01:33:27,13.222,5.002,0,0.256,-0.001,0.025,0,0,0
04/29/2023,01:43:27,13.222,5.002,0,0.259,-0.001,0.025,0,0,0
04/29/2023,01:53:27,13.222,5.002,0,0.252,-0.001,0.025,0,0,0
04/29/2023,02:03:27,13.222,5.002,0,0.254,-0.001,0.025,0,0,0
04/29/2023,02:13:27,13.222,5.002,0,0.254,-0.001,0.025,0,0,0
04/29/2023,02:23:27,13.222,5.002,0,0.255,-0.001,0.025,0,0,0
04/29/2023,02:33:27,13.222,5.002,0,0.255,-0.001,0.025,0,0,0
04/29/2023,02:43:27,13.167,5.002,0,0.255,-0.001,0.025,0,0,0
04/29/2023,02:53:27,13.167,5.002,0,0.255,-0.001,0.025,0,0,0
04/29/2023,03:03:27,13.167,5.002,0,0.255,-0.001,0.025,0,0,0
04/29/2023,03:13:27,13.167,5.002,0,0.257,-0.001,0.025,0,0,0
04/29/2023,03:23:27,13.167,5.002,0,0.258,-0.001,0.025,0,0,0
04/29/2023,03:33:27,13.167,5.002,0,0.257,-0.001,0.025,0,0,0
04/29/2023,03:43:27,13.167,5.002,0,0.259,-0.001,0.025,0,0,0
04/29/2023,03:53:27,13.167,5.002,0,0.259,-0.001,0.025,0,0,0
04/29/2023,04:03:27,13.123,5.002,0,0.26,-0.001,0.026,0,0,0
04/29/2023,04:13:27,13.123,5.002,0,0.26,-0.001,0.026,0,0,0
04/29/2023,04:23:27,13.123,5.002,0,0.26,-0.001,0.025,0,0,0
04/29/2023,04:33:27,13.123,5.002,0,0.262,-0.001,0.025,0,0,0
04/29/2023,04:43:27,13.123,5.002,0,0.263,-0.001,0.025,0,0,0
04/29/2023,04:53:27,13.123,5.002,0,0.263,-0.001,0.025,0,0,0
04/29/2023,05:03:27,13.123,5.002,0,0.26,-0.001,0.025,0,0,0
04/29/2023,05:13:27,13.068,5.002,0,0.262,-0.001,0.025,0,0,0
04/29/2023,05:23:27,13.068,5.002,0,0.263,-0.001,0.025,0,0,0
04/29/2023,05:33:27,13.068,5.002,0,0.265,-0.001,0.025,0,0,0
04/29/2023,05:43:27,13.068,5.002,0,0.262,-0.001,0.025,0,0,0
04/29/2023,05:53:27,13.068,5.002,0,0.264,-0.001,0.025,0,0,0
04/29/2023,06:03:27,13.068,5.002,0,0.265,-0.001,0.025,0,0,0
04/29/2023,06:13:27,13.068,5.002,0,0.265,-0.001,0.025,0,0,0
04/29/2023,06:23:27,13.068,5.002,0.11,0.262,-0.001,0.025,0,0.11,0
04/29/2023,06:33:27,13.068,5.002,1.232,0.261,-0.001,0.025,0,1.023,0.001
04/29/2023,06:43:27,13.068,5.002,7.799,0.261,-0.001,0.025,0.003,7.37,0.003
04/29/2023,06:53:27,13.068,5.002,12.683,0.262,-0.001,0.025,0.003,13.552,0.005
04/29/2023,07:03:27,13.068,5.002,13.332,0.263,-0.001,0.025,0.007,16.456,0.01
04/29/2023,07:13:27,13.068,5.002,13.552,0.253,-0.001,0.025,0.012,17.633,0.015
04/29/2023,07:23:27,13.068,5.002,13.651,0.209,-0.001,0.025,0.016,18.227,0.019
04/29/2023,07:33:27,13.167,5.002,13.816,-0.001,-0.001,0.025,0.02,18.546,0.023
04/29/2023,07:43:27,13.167,5.002,13.871,-0.001,-0.001,0.025,0.024,18.821,0.027
04/29/2023,07:53:27,13.222,5.002,13.926,-0.001,-0.001,0.025,0.033,19.305,0.037
04/29/2023,08:03:27,13.222,5.002,14.355,-0.002,-0.001,0.025,0.059,20.053,0.065
04/29/2023,08:13:27,13.277,5.002,14.52,-0.001,-0.001,0.025,0.089,20.427,0.094
04/29/2023,08:23:27,13.277,5.002,14.465,-0.001,-0.001,0.025,0.124,20.757,0.13
04/29/2023,08:33:27,13.332,5.002,14.575,-0.001,-0.001,0.025,0.166,20.966,0.171
04/29/2023,08:43:27,13.332,5.002,14.894,-0.001,-0.001,0.025,0.211,21.186,0.216
04/29/2023,08:53:27,13.387,5.002,15.059,-0.001,-0.001,0.026,0.258,21.285,0.263
04/29/2023,09:03:27,13.442,5.002,15.158,-0.001,-0.001,0.026,0.306,21.395,0.312
04/29/2023,09:13:27,13.497,5.002,15.213,-0.001,-0.001,0.026,0.356,21.505,0.363
04/29/2023,09:23:27,13.552,5.002,15.268,-0.001,-0.001,0.025,0.406,21.56,0.413
04/29/2023,09:33:27,13.552,5.002,15.323,-0.001,-0.001,0.026,0.455,21.615,0.463
04/29/2023,09:43:27,13.607,5.002,15.323,-0.001,-0.001,0.025,0.504,21.56,0.511
04/29/2023,09:53:27,13.607,5.002,15.378,-0.001,-0.001,0.026,0.551,21.615,0.56
04/29/2023,10:03:27,13.651,5.002,15.543,-0.001,-0.001,0.026,0.597,21.615,0.607
04/29/2023,10:13:27,13.706,5.002,15.488,-0.001,-0.001,0.025,0.643,21.56,0.653
04/29/2023,10:23:27,13.761,5.002,15.433,-0.001,0.134,0.025,0.687,21.45,0.698
04/29/2023,10:33:27,13.607,4.88,15.323,-0.001,1.01,0.026,0.73,21.45,0.741
04/29/2023,10:43:27,13.651,4.88,15.433,-0.001,0.985,0.025,0.77,21.45,0.782
04/29/2023,10:53:27,13.651,4.88,15.488,-0.001,0.957,0.026,0.808,21.45,0.821
04/29/2023,11:03:27,13.706,4.88,15.433,-0.001,0.824,0.026,0.844,21.395,0.858
04/29/2023,11:13:27,13.706,4.88,15.378,-0.001,0.819,0.025,0.879,21.285,0.893
04/29/2023,11:23:27,13.761,4.941,15.433,-0.001,0.755,0.026,0.91,21.34,0.924
04/29/2023,11:33:27,13.761,4.88,15.323,-0.001,0.767,0.025,0.94,21.241,0.955
04/29/2023,11:43:27,13.761,4.88,15.268,-0.001,0.762,0.025,0.968,21.131,0.984
04/29/2023,11:53:27,13.761,4.88,15.268,-0.001,0.724,0.025,0.994,21.131,1.011
04/29/2023,12:03:27,13.816,4.941,15.268,-0.001,0.713,0.025,1.017,21.131,1.035
04/29/2023,12:13:27,13.816,4.941,15.213,-0.001,0.643,0.025,1.037,21.076,1.056
04/29/2023,12:23:27,13.816,4.941,15.268,-0.001,0.7,0.025,1.054,21.131,1.073
04/29/2023,12:33:27,13.816,4.941,15.213,-0.002,0.69,0.026,1.066,21.076,1.087
04/29/2023,12:43:27,13.816,4.941,15.103,-0.001,0.665,0.025,1.081,20.911,1.102
04/29/2023,12:53:27,13.871,4.941,15.103,-0.001,0.636,0.026,1.091,20.856,1.112
04/29/2023,13:03:27,13.871,4.941,15.059,-0.001,0.533,0.025,1.095,20.856,1.117
04/29/2023,13:13:27,13.926,4.941,15.378,-0.001,0.466,0.025,1.1,21.021,1.123
04/29/2023,13:23:27,13.981,4.941,15.433,-0.001,0.384,0.025,1.099,21.021,1.124
04/29/2023,13:33:27,14.036,4.941,15.488,-0.001,0.329,0.025,1.104,21.076,1.129
04/29/2023,13:43:27,14.135,5.002,15.323,-0.001,0.272,0.026,1.105,20.856,1.132
04/29/2023,13:53:27,14.3,5.002,16.984,-0.001,0.224,0.026,0.89,20.702,1.134
04/29/2023,14:03:27,14.465,5.002,20.053,-0.001,0.087,0.026,0.3,20.702,1.126
04/29/2023,14:13:27,14.465,5.002,20.328,-0.001,0.001,0.026,0.166,20.647,1.109
04/29/2023,14:23:27,14.465,5.002,20.427,-0.001,0.001,0.026,0.133,20.702,1.1
04/29/2023,14:33:27,14.465,5.002,20.702,-0.001,0.001,0.026,0.089,20.911,1.077
04/29/2023,14:43:27,14.465,5.002,20.702,-0.001,0.001,0.026,0.073,20.856,1.008
04/29/2023,14:53:27,14.465,5.002,20.757,-0.001,0.001,0.026,0.067,20.911,1.058
04/29/2023,15:03:27,14.465,5.002,20.647,-0.001,0.001,0.026,0.062,20.801,1.041
04/29/2023,15:13:27,14.52,5.002,20.537,-0.001,0.001,0.026,0.06,20.757,1.006
04/29/2023,15:23:27,14.465,5.002,17.853,-0.001,0.001,0.026,0.063,19.305,0.346
04/29/2023,15:33:27,14.41,5.002,18.392,-0.001,0.163,0.026,0.112,20.427,0.378
04/29/2023,15:43:27,14.41,4.941,19.844,-0.001,0.264,0.026,0.149,20.966,0.666
04/29/2023,15:53:27,14.465,5.002,20.801,-0.001,0.174,0.026,0.116,21.076,0.884
04/29/2023,16:03:27,14.465,5.002,20.702,-0.001,0.041,0.026,0.07,20.911,0.835
04/29/2023,16:13:27,14.52,5.002,20.757,-0.001,-0.001,0.026,0.055,20.911,0.791
04/29/2023,16:23:27,14.52,5.002,20.328,-0.001,-0.001,0.026,0.055,20.702,0.67
04/29/2023,16:33:27,14.52,5.002,20.856,-0.001,-0.001,0.026,0.054,21.021,0.703
04/29/2023,16:43:27,14.52,5.002,20.801,-0.001,-0.001,0.026,0.055,20.966,0.656
04/29/2023,16:53:27,14.52,5.002,20.702,-0.001,-0.001,0.026,0.054,20.911,0.608
04/29/2023,17:03:27,14.52,5.002,20.702,-0.001,-0.001,0.026,0.053,20.911,0.556
04/29/2023,17:13:27,14.52,5.002,20.757,-0.001,-0.001,0.026,0.054,20.966,0.501
04/29/2023,17:23:27,14.52,5.002,20.702,-0.001,-0.001,0.026,0.053,20.966,0.44
04/29/2023,17:33:27,14.465,5.002,18.282,-0.001,-0.001,0.026,0.046,19.514,0.214
04/29/2023,17:43:27,14.135,5.002,14.784,-0.001,-0.001,0.025,0.028,18.172,0.035
04/29/2023,17:53:27,13.926,5.002,14.52,-0.001,-0.001,0.025,0.024,18.062,0.029
04/29/2023,18:03:27,13.761,5.002,14.355,-0.001,-0.001,0.025,0.019,17.688,0.023
04/29/2023,18:13:27,13.651,5.002,14.135,-0.001,-0.001,0.025,0.013,17.039,0.016
04/29/2023,18:23:27,13.552,5.002,13.651,-0.001,0,0.025,0.006,15.433,0.01
04/29/2023,18:33:27,13.497,5.002,12.419,-0.001,-0.001,0.025,0.003,12.1,0.005
04/29/2023,18:43:27,13.442,5.002,5.588,-0.001,-0.001,0.025,0.002,4.565,0.003
04/29/2023,18:53:27,13.332,5.002,0.594,0.153,-0.001,0.025,0,0.429,0
04/29/2023,19:03:27,13.277,5.002,0.055,0.242,-0.001,0.025,0,0.055,0
04/29/2023,19:13:27,13.277,5.002,0,0.251,-0.001,0.025,0,0,0
04/29/2023,19:23:27,13.277,5.002,0,0.254,-0.001,0.025,0,0,0
04/29/2023,19:33:27,13.277,5.002,0,0.258,-0.001,0.025,0,0,0
04/29/2023,19:43:27,13.277,5.002,0,0.261,-0.001,0.025,0,0,0
04/29/2023,19:53:27,13.277,5.002,0,0.256,-0.001,0.025,0,0,0
04/29/2023,20:03:27,13.222,5.002,0,0.257,-0.001,0.025,0,0,0
04/29/2023,20:13:27,13.222,5.002,0,0.258,-0.001,0.025,0,0,0
04/29/2023,20:23:27,13.222,5.002,0,0.26,-0.001,0.025,0,0,0
04/29/2023,20:33:27,13.222,5.002,0,0.261,-0.001,0.025,0,0,0
04/29/2023,20:43:27,13.222,5.002,0,0.261,-0.001,0.025,0,0,0
04/29/2023,20:53:27,13.222,5.002,0,0.262,-0.001,0.025,0,0,0
04/29/2023,21:03:27,13.222,5.002,0,0.261,-0.001,0.025,0,0,0
04/29/2023,21:13:27,13.222,5.002,0,0.262,-0.001,0.025,0,0,0
04/29/2023,21:23:27,13.222,5.002,0,0.261,-0.001,0.025,0,0,0
04/29/2023,21:33:27,13.222,5.002,0,0.262,-0.001,0.025,0,0,0
04/29/2023,21:43:27,13.222,5.002,0,0.264,-0.001,0.024,0,0,0
04/29/2023,21:53:27,13.222,5.002,0,0.265,-0.001,0.025,0,0,0
04/29/2023,22:03:27,13.222,5.002,0,0.264,-0.001,0.025,0,0,0
04/29/2023,22:13:27,13.222,5.002,0,0.266,-0.001,0.025,0,0,0
04/29/2023,22:23:27,13.222,5.002,0,0.266,-0.001,0.025,0,0,0
04/29/2023,22:33:27,13.222,5.002,0,0.258,-0.001,0.026,0,0,0
04/29/2023,22:43:27,13.222,5.002,0,0.258,-0.001,0.025,0,0,0
04/29/2023,22:53:27,13.222,5.002,0,0.224,-0.001,0.025,0,0,0
04/29/2023,23:03:27,13.387,5.002,0,-0.001,0,0.025,0,0,0
04/29/2023,23:13:27,13.387,5.002,0,-0.001,0,0.025,0,0,0
04/29/2023,23:23:27,13.387,5.002,0,-0.001,-0.001,0.025,0,0,0
04/29/2023,23:33:27,13.387,5.002,0,0,-0.001,0.025,0,0,0
04/29/2023,23:43:27,13.387,5.002,0,-0.001,-0.001,0.025,0,0,0
04/29/2023,23:53:27,13.387,5.002,0,-0.001,-0.001,0.025,0,0,0
04/30/2023,00:03:27,13.387,5.002,0,-0.001,-0.001,0.025,0,0,0
04/30/2023,00:13:27,13.387,5.002,0,-0.001,-0.001,0.025,0,0,0
04/30/2023,00:23:27,13.387,5.002,0,-0.001,-0.001,0.025,0,0,0
04/30/2023,00:33:27,13.387,5.002,0,-0.001,-0.001,0.025,0,0,0
04/30/2023,00:43:27,13.387,5.002,0,-0.001,0,0.025,0,0,0
04/30/2023,00:53:27,13.387,5.002,0,-0.001,0,0.025,0,0,0
04/30/2023,01:03:27,13.387,5.002,0,-0.001,0,0.025,0,0,0
04/30/2023,01:13:27,13.387,5.002,0,0.004,-0.001,0.025,0,0,0
04/30/2023,01:23:27,13.222,5.002,0,0.209,-0.001,0.025,0,0,0
04/30/2023,01:33:27,13.332,5.002,0,-0.001,-0.001,0.025,0,0,0
04/30/2023,01:43:27,13.387,5.002,0,-0.001,-0.001,0.025,0,0,0
04/30/2023,01:53:27,13.387,5.002,0,-0.001,0,0.025,0,0,0
04/30/2023,02:03:27,13.387,5.002,0,-0.001,0,0.025,0,0,0
04/30/2023,02:13:27,13.387,5.002,0,-0.001,-0.001,0.025,0,0,0
04/30/2023,02:23:27,13.387,5.002,0,-0.001,0,0.025,0,0,0
04/30/2023,02:33:27,13.387,5.002,0,-0.001,-0.001,0.025,0,0,0
04/30/2023,02:43:27,13.387,5.002,0,-0.001,-0.001,0.025,0,0,0
04/30/2023,02:53:27,13.387,5.002,0,-0.001,0,0.025,0,0,0
04/30/2023,03:03:27,13.387,5.002,0,-0.001,-0.001,0.025,0,0,0
04/30/2023,03:13:27,13.387,5.002,0,-0.001,-0.001,0.025,0,0,0
04/30/2023,03:23:27,13.387,5.002,0,-0.001,-0.001,0.025,0,0,0
04/30/2023,03:33:27,13.387,5.002,0,-0.001,-0.001,0.025,0,0,0
04/30/2023,03:43:27,13.387,5.002,0,-0.001,-0.001,0.025,0,0,0
04/30/2023,03:53:27,13.387,5.002,0,-0.001,-0.001,0.026,0,0,0
04/30/2023,04:03:27,13.387,5.002,0,-0.001,-0.001,0.025,0,0,0
04/30/2023,04:13:27,13.387,5.002,0,-0.001,-0.001,0.025,0,0,0
04/30/2023,04:23:27,13.332,5.002,0,0.093,0,0.025,0,0,0
04/30/2023,04:33:27,13.332,5.002,0,-0.001,-0.001,0.026,0,0,0
04/30/2023,04:43:27,13.332,5.002,0,-0.001,-0.001,0.025,0,0,0
04/30/2023,04:53:27,13.332,5.002,0,-0.001,0,0.025,0,0,0
04/30/2023,05:03:27,13.332,5.002,0,-0.001,0,0.025,0,0,0
04/30/2023,05:13:27,13.332,5.002,0,-0.001,0,0.025,0,0,0
04/30/2023,05:23:27,13.332,5.002,0,-0.001,-0.001,0.025,0,0,0
04/30/2023,05:33:27,13.332,5.002,0,-0.001,-0.001,0.025,0,0,0
04/30/2023,05:43:27,13.332,5.002,0,-0.001,-0.001,0.025,0,0,0
04/30/2023,05:53:27,13.332,5.002,0,-0.001,-0.001,0.025,0,0,0
04/30/2023,06:03:27,13.332,5.002,0,-0.001,-0.001,0.025,0,0,0
04/30/2023,06:13:27,13.332,5.002,0,-0.001,0,0.025,0,0,0
04/30/2023,06:23:27,13.332,5.002,0.11,-0.001,-0.001,0.026,0,0.11,0
04/30/2023,06:33:27,13.277,5.002,0.968,0.073,-0.001,0.025,0,0.803,0.001
04/30/2023,06:43:27,13.222,5.002,7.414,0.231,-0.001,0.025,0.002,6.985,0.003
04/30/2023,06:53:27,13.277,5.002,12.848,0.06,-0.001,0.025,0.003,13.497,0.005
04/30/2023,07:03:27,13.332,5.002,13.607,-0.001,-0.001,0.025,0.007,16.5,0.01
04/30/2023,07:13:27,13.332,5.002,13.871,-0.001,-0.001,0.025,0.012,17.743,0.015
04/30/2023,07:23:27,13.332,5.002,13.926,-0.001,-0.001,0.025,0.017,18.392,0.02
04/30/2023,07:33:27,13.332,5.002,13.926,-0.001,-0.001,0.025,0.021,18.821,0.024
04/30/2023,07:43:27,13.332,5.002,13.981,-0.001,-0.001,0.025,0.025,19.03,0.028
04/30/2023,07:53:27,13.387,5.002,14.036,-0.001,-0.001,0.025,0.032,19.404,0.037
04/30/2023,08:03:27,13.387,5.002,14.619,-0.001,-0.001,0.026,0.059,20.218,0.064
04/30/2023,08:13:27,13.442,5.002,14.619,-0.001,0,0.025,0.087,20.537,0.092
04/30/2023,08:23:27,13.442,5.002,14.729,-0.001,-0.001,0.026,0.122,20.801,0.127
04/30/2023,08:33:27,13.497,5.002,14.839,-0.001,-0.001,0.025,0.162,21.021,0.167
04/30/2023,08:43:27,13.552,5.002,14.949,-0.001,-0.001,0.025,0.206,21.131,0.211
04/30/2023,08:53:27,13.607,5.002,15.004,-0.001,-0.001,0.025,0.252,21.241,0.258
04/30/2023,09:03:27,13.651,5.002,15.213,-0.001,-0.001,0.026,0.3,21.285,0.307
04/30/2023,09:13:27,13.651,5.002,15.323,-0.001,-0.001,0.025,0.349,21.34,0.356
04/30/2023,09:23:27,13.706,5.002,15.433,-0.001,-0.001,0.026,0.398,21.45,0.406
04/30/2023,09:33:27,13.706,5.002,15.488,-0.001,-0.001,0.026,0.447,21.505,0.456
04/30/2023,09:43:27,13.706,5.002,15.488,-0.001,-0.001,0.025,0.496,21.56,0.504
04/30/2023,09:53:27,13.761,5.002,15.488,-0.001,-0.001,0.026,0.544,21.505,0.552
04/30/2023,10:03:27,13.761,5.002,15.488,-0.001,-0.001,0.025,0.59,21.505,0.599
04/30/2023,10:13:27,13.761,5.002,15.433,-0.001,-0.001,0.025,0.636,21.395,0.646
04/30/2023,10:23:27,13.761,5.002,15.433,-0.001,0.001,0.025,0.68,21.395,0.691
04/30/2023,10:33:27,13.761,5.002,15.433,-0.001,0.001,0.025,0.721,21.34,0.733
04/30/2023,10:43:27,13.706,4.941,15.433,-0.001,0.305,0.025,0.764,21.34,0.775
04/30/2023,10:53:27,13.706,4.88,15.323,-0.001,0.998,0.025,0.802,21.285,0.815
04/30/2023,11:03:27,13.706,4.88,15.378,-0.001,1.005,0.025,0.839,21.34,0.852
04/30/2023,11:13:27,13.706,4.88,15.433,-0.001,1.01,0.025,0.873,21.395,0.886
04/30/2023,11:23:27,13.761,4.88,15.433,-0.001,1.017,0.025,0.906,21.34,0.92
04/30/2023,11:33:27,13.761,4.88,15.433,-0.001,0.951,0.025,0.939,21.34,0.954
04/30/2023,11:43:27,13.816,4.88,15.378,-0.001,0.959,0.025,0.967,21.241,0.983
04/30/2023,11:53:27,13.816,4.88,15.378,-0.001,0.911,0.025,0.992,21.241,1.009
04/30/2023,12:03:27,13.871,4.88,15.378,-0.001,0.855,0.025,1.014,21.186,1.032
04/30/2023,12:13:27,14.036,4.88,15.543,-0.001,0.832,0.025,1.031,21.186,1.053
04/30/2023,12:23:27,14.41,4.88,19.03,-0.001,0.812,0.026,0.579,21.021,1.073
04/30/2023,12:33:27,14.41,4.88,19.998,-0.001,0.801,0.026,0.353,20.856,1.089
04/30/2023,12:43:27,14.41,4.88,19.943,-0.001,0.764,0.026,0.344,20.757,1.105
04/30/2023,12:53:27,14.41,4.88,20.163,-0.001,0.74,0.026,0.28,20.801,1.116
04/30/2023,13:03:27,14.41,4.88,20.218,-0.001,0.703,0.026,0.273,20.801,1.126
04/30/2023,13:13:27,14.41,4.88,20.108,-0.001,0.711,0.026,0.262,20.702,1.132
04/30/2023,13:23:27,14.41,4.88,19.998,-0.001,0.734,0.026,0.279,20.647,1.135
04/30/2023,13:33:27,14.41,4.88,20.218,-0.001,0.785,0.026,0.272,20.856,1.131
04/30/2023,13:43:27,14.41,4.88,20.273,-0.001,0.743,0.026,0.279,20.856,1.122
04/30/2023,13:53:27,14.41,4.88,20.163,-0.001,0.731,0.026,0.275,20.757,1.115
04/30/2023,14:03:27,14.41,4.941,20.163,-0.001,0.706,0.026,0.276,20.757,1.108
04/30/2023,14:13:27,14.41,4.941,20.273,-0.001,0.678,0.026,0.254,20.856,1.102
04/30/2023,14:23:27,14.41,4.941,20.218,-0.001,0.652,0.026,0.259,20.801,1.089
04/30/2023,14:33:27,14.41,4.941,20.372,-0.001,0.54,0.026,0.214,20.911,1.071
04/30/2023,14:43:27,14.41,4.941,20.427,-0.001,0.426,0.026,0.188,20.911,1.057
04/30/2023,14:53:27,14.41,4.941,20.482,-0.001,0.346,0.026,0.164,20.801,1.04
04/30/2023,15:03:27,14.41,4.941,20.427,-0.001,0.284,0.026,0.149,20.801,1.019
04/30/2023,15:13:27,14.465,5.002,20.537,0,0.142,0.026,0.107,20.801,0.996
04/30/2023,15:23:27,14.465,5.002,20.757,-0.001,0.001,0.026,0.054,20.911,0.97
04/30/2023,15:33:27,14.465,5.002,20.482,-0.001,0.203,0.026,0.126,20.801,0.938
04/30/2023,15:43:27,14.41,4.941,20.372,-0.001,0.298,0.027,0.149,20.757,0.908
04/30/2023,15:53:27,14.41,4.941,20.427,-0.001,0.266,0.026,0.138,20.801,0.869
04/30/2023,16:03:27,14.41,4.941,20.482,-0.001,0.235,0.026,0.128,20.801,0.834
04/30/2023,16:13:27,14.41,4.941,20.537,-0.001,0.204,0.027,0.125,20.911,0.794
04/30/2023,16:23:27,14.465,4.941,20.592,-0.001,0.174,0.026,0.11,20.911,0.753
04/30/2023,16:33:27,14.465,5.002,20.702,-0.001,0.149,0.026,0.101,21.021,0.713
04/30/2023,16:43:27,14.465,5.002,20.702,-0.001,0.127,0.026,0.095,20.966,0.668
04/30/2023,16:53:27,14.465,5.002,20.647,-0.001,0.108,0.026,0.091,20.911,0.618
04/30/2023,17:03:27,14.465,5.002,20.647,-0.001,0.065,0.026,0.08,20.911,0.568
04/30/2023,17:13:27,14.52,5.002,20.647,-0.001,0,0.026,0.055,20.856,0.51
04/30/2023,17:23:27,14.465,5.002,20.592,-0.001,0.052,0.026,0.068,20.911,0.451
04/30/2023,17:33:27,14.41,5.002,17.908,-0.001,0.056,0.026,0.064,19.36,0.208
04/30/2023,17:43:27,14.135,5.002,14.729,-0.001,0,0.025,0.026,18.007,0.032
04/30/2023,17:53:27,13.926,5.002,14.465,-0.001,0,0.025,0.022,17.908,0.027
04/30/2023,18:03:27,13.761,5.002,14.3,-0.001,0,0.025,0.017,17.523,0.022
04/30/2023,18:13:27,13.607,5.002,14.19,-0.001,0,0.025,0.012,16.83,0.016
04/30/2023,18:23:27,13.497,5.002,13.497,0.098,-0.001,0.025,0.006,15.158,0.009
04/30/2023,18:33:27,13.332,5.002,12.199,0.225,-0.001,0.025,0.003,11.825,0.004
04/30/2023,18:43:27,13.332,5.002,5.005,0.224,-0.001,0.025,0.002,3.982,0.002
04/30/2023,18:53:27,13.277,5.002,0.484,0.224,-0.001,0.025,0,0.374,0
04/30/2023,19:03:27,13.277,5.002,0.055,0.224,-0.001,0.025,0,0.055,0
04/30/2023,19:13:27,13.277,5.002,0,0.225,-0.001,0.025,0,0,0
04/30/2023,19:23:27,13.277,5.002,0,0.225,-0.001,0.025,0,0,0
04/30/2023,19:33:27,13.277,5.002,0,0.225,-0.001,0.025,0,0,0
04/30/2023,19:43:27,13.277,5.002,0,0.225,-0.001,0.025,0,0,0
04/30/2023,19:53:27,13.277,5.002,0,0.225,-0.001,0.025,0,0,0
04/30/2023,20:03:27,13.277,5.002,0,0.225,-0.001,0.025,0,0,0
04/30/2023,20:13:27,13.222,5.002,0,0.225,-0.001,0.025,0,0,0
04/30/2023,20:23:27,13.222,5.002,0,0.225,-0.001,0.025,0,0,0
04/30/2023,20:33:27,13.222,5.002,0,0.225,-0.001,0.025,0,0,0
04/30/2023,20:43:27,13.222,5.002,0,0.225,-0.001,0.025,0,0,0
04/30/2023,20:53:27,13.277,5.002,0,0.225,0,0.025,0,0,0
04/30/2023,21:03:27,13.332,5.002,0,0.105,-0.001,0.025,0,0,0
04/30/2023,21:13:27,13.387,5.002,0,-0.001,-0.001,0.025,0,0,0
04/30/2023,21:23:27,13.387,5.002,0,0,-0.001,0.025,0,0,0
04/30/2023,21:33:27,13.387,5.002,0,0.03,0,0.025,0,0,0
04/30/2023,21:43:27,13.277,5.002,0,0.226,-0.001,0.025,0,0,0
04/30/2023,21:53:27,13.222,5.002,0,0.225,-0.001,0.025,0,0,0
04/30/2023,22:03:27,13.222,5.002,0,0.225,-0.001,0.025,0,0,0
04/30/2023,22:13:27,13.332,5.002,0,0.059,-0.001,0.025,0,0,0
04/30/2023,22:23:27,13.387,5.002,0,-0.001,-0.001,0.025,0,0,0
04/30/2023,22:33:27,13.387,5.002,0,-0.001,-0.001,0.025,0,0,0
04/30/2023,22:43:27,13.387,5.002,0,-0.001,-0.001,0.025,0,0,0
04/30/2023,22:53:27,13.387,5.002,0,-0.001,-0.001,0.025,0,0,0
04/30/2023,23:03:27,13.387,5.002,0,0,0,0.025,0,0,0
04/30/2023,23:13:27,13.387,5.002,0,-0.001,0,0.025,0,0,0
04/30/2023,23:23:27,13.387,5.002,0,-0.001,0,0.025,0,0,0
04/30/2023,23:33:27,13.387,5.002,0,-0.001,0,0.025,0,0,0
04/30/2023,23:43:27,13.387,5.002,0,-0.001,0,0.025,0,0,0
04/30/2023,23:53:27,13.387,5.002,0,-0.001,0,0.025,0,0,0
05/01/2023,00:03:27,13.387,5.002,0,-0.001,-0.001,0.025,0,0,0
05/01/2023,00:13:27,13.387,5.002,0,-0.001,-0.001,0.025,0,0,0
05/01/2023,00:23:27,13.387,5.002,0,-0.001,-0.001,0.025,0,0,0
05/01/2023,00:33:27,13.387,5.002,0,-0.001,0,0.025,0,0,0
05/01/2023,00:43:27,13.387,5.002,0,-0.001,-0.001,0.025,0,0,0
05/01/2023,00:53:27,13.387,5.002,0,-0.001,-0.001,0.025,0,0,0
05/01/2023,01:03:27,13.387,5.002,0,-0.001,-0.001,0.025,0,0,0
05/01/2023,01:13:27,13.387,5.002,0,-0.001,-0.001,0.025,0,0,0
05/01/2023,01:23:27,13.387,5.002,0,-0.001,-0.001,0.025,0,0,0
05/01/2023,01:33:27,13.387,5.002,0,-0.001,-0.001,0.025,0,0,0
05/01/2023,01:43:27,13.387,5.002,0,-0.001,-0.001,0.025,0,0,0
05/01/2023,01:53:27,13.387,5.002,0,0,-0.001,0.025,0,0,0
05/01/2023,02:03:27,13.387,5.002,0,-0.001,0,0.025,0,0,0
05/01/2023,02:13:27,13.387,5.002,0,-0.001,-0.001,0.025,0,0,0
05/01/2023,02:23:27,13.387,5.002,0,-0.001,-0.001,0.025,0,0,0
05/01/2023,02:33:27,13.387,5.002,0,-0.001,-0.001,0.025,0,0,0
05/01/2023,02:43:27,13.387,5.002,0,-0.001,0,0.025,0,0,0
05/01/2023,02:53:27,13.387,5.002,0,-0.001,-0.001,0.025,0,0,0
05/01/2023,03:03:27,13.387,5.002,0,-0.001,-0.001,0.025,0,0,0
05/01/2023,03:13:27,13.387,5.002,0,-0.001,0,0.025,0,0,0
05/01/2023,03:23:27,13.387,5.002,0,-0.001,0,0.025,0,0,0
05/01/2023,03:33:27,13.387,5.002,0,-0.001,-0.001,0.025,0,0,0
05/01/2023,03:43:27,13.387,5.002,0,-0.001,0,0.025,0,0,0
05/01/2023,03:53:27,13.387,5.002,0,-0.001,0,0.025,0,0,0
05/01/2023,04:03:27,13.387,5.002,0,-0.001,-0.001,0.025,0,0,0
05/01/2023,04:13:27,13.387,5.002,0,-0.001,0,0.025,0,0,0
05/01/2023,04:23:27,13.387,5.002,0,-0.001,-0.001,0.025,0,0,0
05/01/2023,04:33:27,13.387,5.002,0,-0.001,0,0.025,0,0,0
05/01/2023,04:43:27,13.332,5.002,0,-0.001,-0.001,0.025,0,0,0
05/01/2023,04:53:27,13.332,5.002,0,-0.001,-0.001,0.025,0,0,0
05/01/2023,05:03:27,13.332,5.002,0,-0.001,-0.001,0.025,0,0,0
05/01/2023,05:13:27,13.332,5.002,0,-0.001,-0.001,0.025,0,0,0
05/01/2023,05:23:27,13.332,5.002,0,0.041,-0.001,0.025,0,0,0
05/01/2023,05:33:27,13.277,5.002,0,0.079,-0.001,0.025,0,0,0
05/01/2023,05:43:27,13.332,5.002,0,-0.001,-0.001,0.025,0,0,0
05/01/2023,05:53:27,13.332,5.002,0,-0.001,-0.001,0.025,0,0,0
05/01/2023,06:03:27,13.332,5.002,0,-0.001,-0.001,0.025,0,0,0
05/01/2023,06:13:27,13.222,5.002,0,0.178,-0.001,0.025,0,0,0
05/01/2023,06:23:27,13.222,5.002,0.055,0.23,-0.001,0.025,0,0.055,0
05/01/2023,06:33:27,13.222,5.002,0.748,0.229,-0.001,0.025,0,0.649,0.001
05/01/2023,06:43:27,13.222,5.002,6.985,0.228,-0.001,0.025,0.002,6.556,0.003
05/01/2023,06:53:27,13.222,5.002,12.529,0.229,-0.001,0.025,0.003,12.958,0.005
05/01/2023,07:03:27,13.222,5.002,13.442,0.25,-0.001,0.025,0.007,16.346,0.009
05/01/2023,07:13:27,13.332,5.002,13.816,-0.001,-0.001,0.025,0.011,17.578,0.014
05/01/2023,07:23:27,13.332,5.002,13.926,-0.001,-0.001,0.025,0.016,18.282,0.019
05/01/2023,07:33:27,13.387,5.002,14.091,-0.001,-0.001,0.025,0.026,19.03,0.029
05/01/2023,07:43:27,13.387,5.002,14.036,-0.001,-0.001,0.026,0.03,19.305,0.033
05/01/2023,07:53:27,13.387,5.002,14.575,-0.001,-0.001,0.025,0.055,20.108,0.06
05/01/2023,08:03:27,13.387,5.002,14.575,-0.001,-0.001,0.025,0.07,20.328,0.074
05/01/2023,08:13:27,13.387,5.002,14.729,-0.001,-0.001,0.026,0.071,20.218,0.074
05/01/2023,08:23:27,13.387,5.002,14.674,-0.001,-0.001,0.025,0.072,20.163,0.072
05/01/2023,08:33:27,13.442,5.002,15.004,-0.001,0,0.025,0.145,20.966,0.148
05/01/2023,08:43:27,13.497,5.002,15.004,-0.001,0,0.026,0.203,21.285,0.209
05/01/2023,08:53:27,13.552,5.002,15.103,-0.001,-0.001,0.025,0.247,21.34,0.252
05/01/2023,09:03:27,13.607,5.002,15.158,-0.001,-0.001,0.026,0.295,21.45,0.301
05/01/2023,09:13:27,13.607,5.002,15.268,-0.001,-0.001,0.025,0.302,21.241,0.313
05/01/2023,09:23:27,13.651,5.002,15.323,-0.001,0,0.026,0.322,21.34,0.333
05/01/2023,09:33:27,13.607,5.002,14.949,-0.001,-0.001,0.025,0.225,21.076,0.233
05/01/2023,09:43:27,13.607,5.002,15.004,-0.001,0,0.025,0.249,21.131,0.255
05/01/2023,09:53:27,13.607,5.002,14.894,-0.001,-0.001,0.025,0.223,21.076,0.228
05/01/2023,10:03:27,13.651,5.002,15.158,-0.001,-0.001,0.025,0.324,21.285,0.323
05/01/2023,10:13:27,13.607,5.002,14.894,-0.001,-0.001,0.025,0.251,21.021,0.253
05/01/2023,10:23:27,13.706,5.002,15.378,-0.001,-0.001,0.026,0.441,21.45,0.441
05/01/2023,10:33:27,13.761,5.002,15.488,-0.001,-0.001,0.026,0.567,21.56,0.594
05/01/2023,10:43:27,13.816,5.002,15.587,-0.001,-0.001,0.026,0.772,21.615,0.813
05/01/2023,10:53:27,13.706,5.002,15.158,-0.001,-0.001,0.025,0.541,21.076,0.561
05/01/2023,11:03:27,13.651,5.002,15.059,-0.001,-0.001,0.025,0.331,21.131,0.367
05/01/2023,11:13:27,13.651,5.002,15.158,-0.001,-0.001,0.025,0.341,21.186,0.34
05/01/2023,11:23:27,13.651,5.002,15.213,-0.001,-0.001,0.025,0.341,21.285,0.341
05/01/2023,11:33:27,13.607,5.002,14.839,-0.001,-0.001,0.025,0.242,20.966,0.244
05/01/2023,11:43:27,13.706,5.002,15.488,-0.001,-0.001,0.025,0.517,21.45,0.497
05/01/2023,11:53:27,13.607,5.002,14.575,-0.001,-0.001,0.025,0.23,20.647,0.231
05/01/2023,12:03:27,13.607,5.002,15.004,-0.001,-0.001,0.025,0.284,21.131,0.347
05/01/2023,12:13:27,14.091,5.002,16.071,-0.001,-0.001,0.026,1.136,21.824,1.173
05/01/2023,12:23:27,13.871,5.002,15.378,-0.001,0,0.025,0.642,21.076,0.68
05/01/2023,12:33:27,14.036,5.002,15.587,-0.001,0,0.025,0.596,21.076,0.652
05/01/2023,12:43:27,14.19,5.002,17.853,-0.001,-0.001,0.025,0.286,21.45,0.701
05/01/2023,12:53:27,14.465,5.002,20.911,-0.001,-0.001,0.026,0.138,21.241,1.146
05/01/2023,13:03:27,14.465,5.002,19.943,-0.001,-0.001,0.025,0.102,20.647,0.592
05/01/2023,13:13:27,14.465,5.002,21.021,-0.001,-0.001,0.026,0.084,21.186,1.224
05/01/2023,13:23:27,14.465,5.002,20.372,-0.001,-0.001,0.026,0.078,20.537,0.838
05/01/2023,13:33:27,14.465,5.002,20.702,-0.001,-0.001,0.026,0.072,21.021,0.938
05/01/2023,13:43:27,14.465,5.002,19.514,-0.001,-0.001,0.026,0.068,19.943,0.256
05/01/2023,13:53:27,14.465,5.002,20.163,-0.001,-0.001,0.026,0.064,20.647,0.234
05/01/2023,14:03:27,14.465,5.002,20.966,-0.001,-0.001,0.027,0.06,21.285,0.663
05/01/2023,14:13:27,14.465,5.002,21.186,-0.001,-0.001,0.026,0.059,21.285,1.268
05/01/2023,14:23:27,14.465,5.002,20.757,-0.001,-0.001,0.027,0.058,20.911,1.136
05/01/2023,14:33:27,14.465,5.002,20.801,-0.001,-0.001,0.026,0.057,20.966,1.066
05/01/2023,14:43:27,14.465,5.002,20.801,-0.001,-0.001,0.026,0.056,20.966,1.162
05/01/2023,14:53:27,14.465,5.002,20.757,-0.001,-0.001,0.026,0.056,20.801,0.951
05/01/2023,15:03:27,14.465,5.002,19.789,-0.001,0,0.025,0.057,20.372,0.411
05/01/2023,15:13:27,14.465,5.002,21.241,-0.001,-0.001,0.026,0.054,21.34,1.05
05/01/2023,15:23:27,14.465,5.002,20.966,-0.001,-0.001,0.026,0.054,21.131,0.992
05/01/2023,15:33:27,14.465,5.002,20.647,-0.001,-0.001,0.026,0.054,20.856,0.788
05/01/2023,15:43:27,14.465,5.002,20.911,-0.001,-0.001,0.026,0.054,21.076,0.865
05/01/2023,15:53:27,14.465,5.002,20.966,-0.001,-0.001,0.026,0.054,21.131,0.896
05/01/2023,16:03:27,14.465,5.002,20.801,-0.001,-0.001,0.026,0.054,21.021,0.793
05/01/2023,16:13:27,14.465,5.002,20.537,-0.001,-0.001,0.026,0.054,20.911,0.665
05/01/2023,16:23:27,14.465,5.002,20.482,-0.001,-0.001,0.026,0.054,20.801,0.486
05/01/2023,16:33:27,14.465,5.002,20.856,-0.001,-0.001,0.026,0.053,21.241,0.574
05/01/2023,16:43:27,14.465,5.002,21.131,-0.001,-0.001,0.026,0.053,21.34,0.68
05/01/2023,16:53:27,14.465,5.002,21.076,-0.001,-0.001,0.026,0.053,21.241,0.604
05/01/2023,17:03:27,14.465,5.002,21.021,-0.001,-0.001,0.026,0.053,21.241,0.569
05/01/2023,17:13:27,14.465,5.002,20.911,-0.001,-0.001,0.026,0.053,21.131,0.51
05/01/2023,17:23:27,14.465,5.002,20.911,-0.001,0,0.026,0.054,21.186,0.448
05/01/2023,17:33:27,14.41,5.002,18.117,-0.001,-0.001,0.026,0.043,19.459,0.196
05/01/2023,17:43:27,14.091,5.002,14.784,-0.001,-0.001,0.025,0.025,18.172,0.03
05/01/2023,17:53:27,13.871,5.002,14.465,-0.001,-0.001,0.025,0.021,18.062,0.025
05/01/2023,18:03:27,13.706,5.002,14.3,-0.001,-0.001,0.025,0.017,17.688,0.021
05/01/2023,18:13:27,13.607,5.002,14.135,0,-0.001,0.025,0.011,16.94,0.015
05/01/2023,18:23:27,13.497,5.002,13.552,-0.001,-0.001,0.025,0.005,15.158,0.008
05/01/2023,18:33:27,13.442,5.002,11.99,-0.001,-0.001,0.025,0.003,11.561,0.004
05/01/2023,18:43:27,13.332,5.002,4.675,0.156,-0.001,0.025,0.002,3.707,0.003
05/01/2023,18:53:27,13.277,5.002,0.429,0.241,-0.001,0.025,0,0.319,0
05/01/2023,19:03:27,13.277,5.002,0.055,0.224,-0.001,0.025,0,0,0
05/01/2023,19:13:27,13.277,5.002,0,0.224,-0.001,0.025,0,0,0
05/01/2023,19:23:27,13.277,5.002,0,0.224,-0.001,0.025,0,0,0
05/01/2023,19:33:27,13.277,5.002,0,0.224,-0.001,0.025,0,0,0
05/01/2023,19:43:27,13.277,5.002,0,0.225,-0.001,0.025,0,0,0
05/01/2023,19:53:27,13.277,5.002,0,0.225,-0.001,0.025,0,0,0
05/01/2023,20:03:27,13.222,5.002,0,0.225,-0.001,0.025,0,0,0
05/01/2023,20:13:27,13.222,5.002,0,0.225,-0.001,0.025,0,0,0
05/01/2023,20:23:27,13.222,5.002,0,0.225,-0.001,0.025,0,0,0
05/01/2023,20:33:27,13.222,5.002,0,0.225,-0.001,0.025,0,0,0
05/01/2023,20:43:27,13.222,5.002,0,0.225,-0.001,0.025,0,0,0
05/01/2023,20:53:27,13.222,5.002,0,0.225,-0.001,0.025,0,0,0
05/01/2023,21:03:27,13.222,5.002,0,0.225,-0.001,0.025,0,0,0
05/01/2023,21:13:27,13.222,5.002,0,0.225,-0.001,0.025,0,0,0
05/01/2023,21:23:27,13.222,5.002,0,0.225,-0.001,0.025,0,0,0
05/01/2023,21:33:27,13.222,5.002,0,0.225,0.066,0.025,0,0,0
05/01/2023,21:43:27,13.123,4.941,0,0.227,0.78,0.025,0,0,0
05/01/2023,21:53:27,13.123,4.941,0.055,0.227,0.499,0.025,0,0,0
05/01/2023,22:03:27,13.123,4.941,0.055,0.228,0.5,0.025,0,0,0
05/01/2023,22:13:27,13.222,4.941,0.055,0.227,0.149,0.025,0,0,0
05/01/2023,22:23:27,13.277,5.002,0,0.226,-0.001,0.025,0,0,0
05/01/2023,22:33:27,13.277,5.002,0,0.226,0,0.025,0,0,0
05/01/2023,22:43:27,13.277,5.002,0,0.226,-0.001,0.025,0,0,0
05/01/2023,22:53:27,13.277,5.002,0,0.226,-0.001,0.025,0,0,0
05/01/2023,23:03:27,13.222,5.002,0,0.226,-0.001,0.025,0,0,0
05/01/2023,23:13:27,13.222,5.002,0,0.226,-0.001,0.025,0,0,0
05/01/2023,23:23:27,13.222,5.002,0,0.226,-0.001,0.025,0,0,0
05/01/2023,23:33:27,13.222,5.002,0,0.226,-0.001,0.025,0,0,0
05/01/2023,23:43:27,13.222,5.002,0,0.226,-0.001,0.025,0,0,0
05/01/2023,23:53:27,13.222,5.002,0,0.226,-0.001,0.025,0,0,0
05/02/2023,00:03:27,13.222,5.002,0,0.226,-0.001,0.025,0,0,0
05/02/2023,00:13:27,13.222,5.002,0,0.226,-0.001,0.025,0,0,0
05/02/2023,00:23:27,13.222,5.002,0,0.225,-0.001,0.025,0,0,0
05/02/2023,00:33:27,13.222,5.002,0,0.225,-0.001,0.025,0,0,0
05/02/2023,00:43:27,13.167,4.941,0,0.155,0.527,0.025,0,0,0
05/02/2023,00:53:27,13.123,4.88,0,-0.001,0.993,0.025,0,0,0
05/02/2023,01:03:27,13.123,4.88,0.055,-0.001,0.995,0.025,0,0,0
05/02/2023,01:13:27,13.123,4.88,0.055,-0.001,0.982,0.025,0,0,0
05/02/2023,01:23:27,13.123,4.88,0.055,-0.001,0.949,0.025,0,0,0
05/02/2023,01:33:27,13.068,4.88,0.055,-0.001,0.95,0.025,0,0,0
05/02/2023,01:43:27,13.068,4.88,0.055,-0.001,0.968,0.025,0,0,0
05/02/2023,01:53:27,13.068,4.88,0.055,-0.001,0.952,0.025,0,0,0
05/02/2023,02:03:27,13.068,4.88,0.055,-0.001,0.97,0.025,0,0,0
05/02/2023,02:13:27,13.068,4.88,0.055,-0.001,0.938,0.025,0,0,0
05/02/2023,02:23:27,13.068,4.88,0.055,-0.001,0.956,0.025,0,0,0
05/02/2023,02:33:27,13.013,4.88,0.055,-0.001,0.96,0.025,0,0,0
05/02/2023,02:43:27,13.013,4.88,0.055,-0.001,0.933,0.025,0,0,0
05/02/2023,02:53:27,13.013,4.88,0.055,-0.001,0.964,0.025,0,0,0
05/02/2023,03:03:27,13.013,4.88,0,-0.001,0.907,0.025,0,0,0
05/02/2023,03:13:27,13.013,4.88,0,-0.001,0.903,0.025,0,0,0
05/02/2023,03:23:27,13.013,4.88,0,-0.001,0.886,0.025,0,0,0
05/02/2023,03:33:27,13.013,4.88,0,-0.001,0.87,0.025,0,0,0
05/02/2023,03:43:27,13.013,4.88,0,0,0.859,0.025,0,0,0
05/02/2023,03:53:27,13.013,4.88,0,-0.001,0.809,0.025,0,0,0
05/02/2023,04:03:27,13.013,4.88,0,-0.001,0.789,0.025,0,0,0
05/02/2023,04:13:27,13.013,4.88,0,-0.001,0.768,0.025,0,0,0
05/02/2023,04:23:27,13.013,4.88,0,-0.001,0.744,0.025,0,0,0
05/02/2023,04:33:27,13.013,4.88,0,-0.001,0.749,0.025,0,0,0
05/02/2023,04:43:27,13.013,4.88,0,-0.001,0.735,0.025,0,0,0
05/02/2023,04:53:27,13.013,4.88,0,-0.001,0.721,0.025,0,0,0
05/02/2023,05:03:27,13.013,4.88,0,-0.001,0.693,0.026,0,0,0
05/02/2023,05:13:27,13.068,4.88,0,-0.001,0.643,0.025,0,0,0
05/02/2023,05:23:27,12.958,4.941,0,0.216,0.508,0.025,0,0,0
05/02/2023,05:33:27,12.958,4.941,0,0.23,0.408,0.025,0,0,0
05/02/2023,05:43:27,12.958,4.941,0,0.229,0.331,0.025,0,0,0
05/02/2023,05:53:27,13.013,4.941,0,0.229,0.271,0.025,0,0,0
05/02/2023,06:03:27,13.013,4.941,0,0.229,0.217,0.025,0,0,0
05/02/2023,06:13:27,12.903,4.88,0,0.23,0.616,0.025,0,0,0
05/02/2023,06:23:27,12.903,4.88,0.055,0.23,0.638,0.025,0,0,0
05/02/2023,06:33:27,12.903,4.88,0.484,0.231,0.622,0.025,0,0.429,0
05/02/2023,06:43:27,12.903,4.941,4.466,0.233,0.587,0.025,0.002,4.037,0.002
05/02/2023,06:53:27,12.903,4.941,11.77,0.233,0.563,0.025,0.003,11.715,0.004
05/02/2023,07:03:27,12.903,4.941,12.848,0.233,0.545,0.025,0.005,15.378,0.007
05/02/2023,07:13:27,12.903,4.941,13.442,0.233,0.498,0.025,0.01,17.259,0.012
05/02/2023,07:23:27,13.068,5.002,13.552,0.073,0.094,0.025,0.016,18.227,0.018
05/02/2023,07:33:27,13.167,5.002,13.761,-0.001,0,0.025,0.021,18.821,0.024
05/02/2023,07:43:27,13.167,5.002,13.871,-0.001,-0.001,0.025,0.026,19.085,0.029
05/02/2023,07:53:27,13.167,5.002,13.926,-0.001,-0.001,0.025,0.031,19.404,0.035
05/02/2023,08:03:27,13.167,5.002,14.41,-0.001,-0.001,0.025,0.058,20.273,0.062
05/02/2023,08:13:27,13.222,5.002,14.52,-0.001,-0.001,0.025,0.088,20.702,0.093
05/02/2023,08:23:27,13.222,5.002,14.619,-0.001,-0.001,0.026,0.125,21.021,0.13
05/02/2023,08:33:27,13.277,5.002,14.784,-0.001,0,0.026,0.163,21.285,0.168
05/02/2023,08:43:27,13.332,5.002,14.949,0.003,0,0.026,0.195,21.45,0.201
05/02/2023,08:53:27,13.332,5.002,15.158,-0.001,-0.001,0.026,0.239,21.615,0.244
05/02/2023,09:03:27,13.387,5.002,15.378,-0.001,-0.001,0.025,0.285,21.725,0.291
05/02/2023,09:13:27,13.442,5.002,15.378,-0.001,0,0.026,0.332,21.725,0.338
05/02/2023,09:23:27,13.497,5.002,15.323,-0.001,-0.001,0.025,0.38,21.615,0.387
05/02/2023,09:33:27,13.497,5.002,15.323,-0.001,-0.001,0.026,0.428,21.615,0.436
05/02/2023,09:43:27,13.552,5.002,15.323,-0.001,-0.001,0.026,0.476,21.615,0.484
05/02/2023,09:53:27,13.552,5.002,15.323,-0.001,-0.001,0.026,0.531,21.615,0.54
05/02/2023,10:03:27,13.552,5.002,15.323,-0.001,0,0.026,0.531,21.615,0.592
05/02/2023,10:13:27,13.552,5.002,15.378,-0.001,-0.001,0.026,0.581,21.615,0.643
05/02/2023,10:23:27,13.552,5.002,15.158,-0.001,-0.001,0.026,0.462,21.076,0.457
05/02/2023,10:33:27,13.651,5.002,15.587,-0.001,-0.001,0.026,0.716,21.725,0.727
05/02/2023,10:43:27,13.607,5.002,15.323,-0.002,-0.001,0.026,0.621,21.34,0.609
05/02/2023,10:53:27,13.651,5.002,15.488,-0.001,0,0.025,0.731,21.45,0.695
05/02/2023,11:03:27,13.651,5.002,15.378,-0.001,-0.001,0.025,0.75,21.285,0.716
05/02/2023,11:13:27,13.497,5.002,14.784,-0.001,-0.001,0.026,0.372,20.911,0.387
05/02/2023,11:23:27,13.442,5.002,14.784,-0.001,-0.001,0.025,0.289,20.966,0.294
05/02/2023,11:33:27,13.552,5.002,15.103,-0.001,-0.001,0.025,0.496,21.186,0.42
05/02/2023,11:43:27,13.607,5.002,15.213,-0.002,-0.001,0.025,0.567,21.395,0.581
05/02/2023,11:53:27,13.706,5.002,15.433,-0.001,-0.001,0.026,0.806,21.395,0.818
05/02/2023,12:03:27,13.761,5.002,15.433,-0.001,-0.001,0.026,0.938,21.34,0.97
05/02/2023,12:13:27,13.607,5.002,15.059,-0.001,0,0.025,0.593,21.076,0.604
05/02/2023,12:23:27,13.816,5.002,15.488,-0.001,-0.001,0.026,0.955,21.34,0.946
05/02/2023,12:33:27,13.926,5.002,15.488,-0.001,0,0.025,1.147,21.395,1.164
05/02/2023,12:43:27,13.926,5.002,15.488,-0.001,0,0.025,1.137,21.34,1.174
05/02/2023,12:53:27,13.926,5.002,15.587,-0.001,-0.001,0.026,1.108,21.34,1.158
05/02/2023,13:03:27,13.926,5.002,15.488,-0.001,-0.001,0.025,1.168,21.131,1.195
05/02/2023,13:13:27,13.981,5.002,15.488,-0.001,0,0.025,1.19,21.131,1.219
05/02/2023,13:23:27,13.871,5.002,15.378,-0.001,0,0.025,0.988,20.911,1.008
05/02/2023,13:33:27,13.816,5.002,15.642,-0.001,-0.001,0.025,0.825,21.131,0.848
05/02/2023,13:43:27,13.761,5.002,15.697,-0.001,-0.001,0.025,0.637,21.021,0.714
05/02/2023,13:53:27,13.816,5.002,15.213,-0.001,-0.001,0.025,0.796,21.131,0.861
05/02/2023,14:03:27,13.981,5.002,15.488,-0.001,0,0.025,1.085,20.966,1.083
05/02/2023,14:13:27,13.761,5.002,14.839,-0.001,0,0.025,0.636,20.537,0.653
05/02/2023,14:23:27,14.036,5.002,15.807,-0.001,-0.001,0.025,1.206,21.45,1.23
05/02/2023,14:33:27,13.651,5.002,14.729,-0.001,0,0.025,0.394,20.328,0.376
05/02/2023,14:43:27,14.036,5.002,16.027,-0.001,0,0.026,1.097,21.615,1.147
05/02/2023,14:53:27,14.19,5.002,15.697,-0.001,0,0.025,1.266,21.34,1.248
05/02/2023,15:03:27,14.19,5.002,15.807,-0.001,0,0.025,1.083,21.395,1.106
05/02/2023,15:13:27,14.355,5.002,17.369,-0.001,0,0.026,0.833,21.45,1.003
05/02/2023,15:23:27,14.465,5.002,20.537,-0.001,-0.001,0.026,0.289,21.285,0.953
05/02/2023,15:33:27,14.465,5.002,20.966,-0.001,-0.001,0.026,0.176,21.34,0.964
05/02/2023,15:43:27,14.465,5.002,20.966,-0.001,-0.001,0.026,0.141,21.285,0.926
05/02/2023,15:53:27,14.465,5.002,21.021,-0.001,-0.001,0.026,0.121,21.34,0.849
05/02/2023,16:03:27,14.465,5.002,21.131,-0.001,-0.001,0.026,0.101,21.395,0.834
05/02/2023,16:13:27,14.465,5.002,21.131,-0.001,-0.001,0.026,0.085,21.34,0.796
05/02/2023,16:23:27,14.465,5.002,21.131,-0.001,-0.001,0.026,0.073,21.34,0.751
05/02/2023,16:33:27,14.465,5.002,21.131,-0.001,-0.001,0.026,0.066,21.34,0.706
05/02/2023,16:43:27,14.465,5.002,21.076,-0.001,0,0.026,0.06,21.241,0.656
05/02/2023,16:53:27,14.52,5.002,20.966,-0.001,0,0.026,0.058,21.186,0.604
05/02/2023,17:03:27,14.465,5.002,21.021,-0.001,-0.001,0.026,0.056,21.241,0.553
05/02/2023,17:13:27,14.465,5.002,21.076,-0.001,-0.001,0.026,0.056,21.285,0.493
05/02/2023,17:23:27,14.465,5.002,20.218,-0.001,-0.001,0.026,0.057,20.647,0.261
05/02/2023,17:33:27,14.465,5.002,18.227,-0.001,-0.001,0.026,0.051,19.998,0.196
05/02/2023,17:43:27,14.19,5.002,15.004,-0.001,-0.001,0.025,0.033,18.656,0.038
05/02/2023,17:53:27,13.981,5.002,14.619,-0.001,-0.001,0.025,0.026,18.392,0.03
05/02/2023,18:03:27,13.761,5.002,14.41,-0.001,-0.001,0.025,0.02,17.952,0.024
05/02/2023,18:13:27,13.651,5.002,14.135,-0.001,-0.001,0.025,0.012,17.094,0.016
05/02/2023,18:23:27,13.552,5.002,13.607,-0.001,-0.001,0.025,0.006,15.488,0.009
05/02/2023,18:33:27,13.497,5.002,11.561,-0.001,-0.001,0.025,0.003,11.077,0.004
05/02/2023,18:43:27,13.442,5.002,3.333,-0.001,-0.001,0.026,0.001,2.475,0.002
05/02/2023,18:53:27,13.387,5.002,0.374,-0.001,-0.001,0.025,0,0.319,0
05/02/2023,19:03:27,13.277,5.002,0.055,0.205,-0.001,0.025,0,0,0
05/02/2023,19:13:27,13.277,5.002,0,0.228,-0.001,0.025,0,0,0
05/02/2023,19:23:27,13.277,5.002,0,0.228,-0.001,0.025,0,0,0
05/02/2023,19:33:27,13.277,5.002,0,0.227,-0.001,0.025,0,0,0
05/02/2023,19:43:27,13.277,5.002,0,0.225,-0.001,0.025,0,0,0
05/02/2023,19:53:27,13.277,5.002,0,0.226,0,0.025,0,0,0
05/02/2023,20:03:27,13.277,5.002,0,0.226,-0.001,0.025,0,0,0
05/02/2023,20:13:27,13.277,5.002,0,0.226,0,0.025,0,0,0
05/02/2023,20:23:27,13.222,5.002,0,0.226,-0.001,0.025,0,0,0
05/02/2023,20:33:27,13.222,5.002,0,0.226,-0.001,0.025,0,0,0
05/02/2023,20:43:27,13.222,5.002,0,0.226,0,0.025,0,0,0
05/02/2023,20:53:27,13.222,5.002,0,0.226,-0.001,0.025,0,0,0
05/02/2023,21:03:27,13.222,5.002,0,0.226,-0.001,0.025,0,0,0
05/02/2023,21:13:27,13.222,5.002,0,0.226,-0.001,0.025,0,0,0
05/02/2023,21:23:27,13.222,5.002,0,0.207,-0.001,0.025,0,0,0
05/02/2023,21:33:27,13.332,5.002,0,-0.001,-0.001,0.025,0,0,0
05/02/2023,21:43:27,13.387,5.002,0,-0.001,-0.001,0.025,0,0,0
05/02/2023,21:53:27,13.387,5.002,0,-0.001,-0.001,0.025,0,0,0
05/02/2023,22:03:27,13.387,5.002,0,-0.001,-0.001,0.025,0,0,0
05/02/2023,22:13:27,13.387,5.002,0,-0.001,-0.001,0.025,0,0,0
05/02/2023,22:23:27,13.387,5.002,0,-0.001,0,0.025,0,0,0
05/02/2023,22:33:27,13.387,5.002,0,-0.001,-0.001,0.025,0,0,0
05/02/2023,22:43:27,13.387,5.002,0,0,-0.001,0.025,0,0,0
05/02/2023,22:53:27,13.387,5.002,0,-0.001,-0.001,0.026,0,0,0
05/02/2023,23:03:27,13.387,5.002,0,-0.001,-0.001,0.025,0,0,0
05/02/2023,23:13:27,13.387,5.002,0,-0.001,-0.001,0.025,0,0,0
05/02/2023,23:23:27,13.387,5.002,0,-0.001,-0.001,0.025,0,0,0
05/02/2023,23:33:27,13.387,5.002,0,-0.001,-0.001,0.025,0,0,0
05/02/2023,23:43:27,13.387,5.002,0,-0.001,0,0.025,0,0,0
05/02/2023,23:53:27,13.387,5.002,0,-0.001,0,0.025,0,0,0
05/03/2023,00:03:27,13.387,5.002,0,-0.001,-0.001,0.025,0,0,0
05/03/2023,00:13:27,13.387,5.002,0,-0.001,-0.001,0.025,0,0,0
05/03/2023,00:23:27,13.387,5.002,0,0,-0.001,0.025,0,0,0
05/03/2023,00:33:27,13.387,5.002,0,-0.001,-0.001,0.025,0,0,0
05/03/2023,00:43:27,13.387,5.002,0,-0.001,-0.001,0.025,0,0,0
05/03/2023,00:53:27,13.387,5.002,0,-0.001,0,0.025,0,0,0
05/03/2023,01:03:27,13.387,5.002,0,-0.001,0,0.025,0,0,0
05/03/2023,01:13:27,13.387,5.002,0,-0.001,-0.001,0.025,0,0,0
05/03/2023,01:23:27,13.387,5.002,0,-0.001,-0.001,0.025,0,0,0
05/03/2023,01:33:27,13.387,5.002,0,-0.001,0,0.025,0,0,0
05/03/2023,01:43:27,13.387,5.002,0,-0.001,-0.001,0.025,0,0,0
05/03/2023,01:53:27,13.387,5.002,0,-0.001,-0.001,0.025,0,0,0
05/03/2023,02:03:27,13.387,5.002,0,-0.001,-0.001,0.025,0,0,0
05/03/2023,02:13:27,13.387,5.002,0,-0.001,-0.001,0.025,0,0,0
05/03/2023,02:23:27,13.387,5.002,0,-0.001,-0.001,0.025,0,0,0
05/03/2023,02:33:27,13.387,5.002,0,-0.001,-0.001,0.025,0,0,0
05/03/2023,02:43:27,13.387,5.002,0,-0.001,-0.001,0.025,0,0,0
05/03/2023,02:53:27,13.387,5.002,0,-0.001,-0.001,0.025,0,0,0
05/03/2023,03:03:27,13.387,5.002,0,-0.001,0,0.025,0,0,0
05/03/2023,03:13:27,13.387,5.002,0,-0.001,-0.001,0.025,0,0,0
05/03/2023,03:23:27,13.387,5.002,0,-0.001,-0.001,0.025,0,0,0
05/03/2023,03:33:27,13.387,5.002,0,-0.001,0,0.025,0,0,0
05/03/2023,03:43:27,13.387,5.002,0,-0.001,-0.001,0.025,0,0,0
05/03/2023,03:53:27,13.332,5.002,0,-0.001,-0.001,0.025,0,0,0
05/03/2023,04:03:27,13.332,5.002,0,-0.001,-0.001,0.025,0,0,0
05/03/2023,04:13:27,13.332,5.002,0,-0.001,-0.001,0.025,0,0,0
05/03/2023,04:23:27,13.332,5.002,0,-0.001,0,0.024,0,0,0
05/03/2023,04:33:27,13.332,5.002,0,-0.001,-0.001,0.025,0,0,0
05/03/2023,04:43:27,13.332,5.002,0,-0.001,-0.001,0.025,0,0,0
05/03/2023,04:53:27,13.332,5.002,0,-0.001,-0.001,0.025,0,0,0
05/03/2023,05:03:27,13.332,5.002,0,-0.001,-0.001,0.025,0,0,0
05/03/2023,05:13:27,13.332,5.002,0,-0.001,-0.001,0.025,0,0,0
05/03/2023,05:23:27,13.332,5.002,0,-0.001,-0.001,0.025,0,0,0
05/03/2023,05:33:27,13.332,5.002,0,-0.001,0,0.025,0,0,0
05/03/2023,05:43:27,13.332,5.002,0,-0.001,-0.001,0.025,0,0,0
05/03/2023,05:53:27,13.332,5.002,0,-0.001,-0.001,0.025,0,0,0
05/03/2023,06:03:27,13.332,5.002,0,-0.001,-0.001,0.025,0,0,0
05/03/2023,06:13:27,13.332,5.002,0,-0.001,-0.001,0.025,0,0,0
05/03/2023,06:23:27,13.332,5.002,0,-0.001,-0.001,0.025,0,0,0
05/03/2023,06:33:27,13.332,5.002,0.484,-0.001,-0.001,0.025,0,0.374,0.001
05/03/2023,06:43:27,13.332,5.002,4.191,-0.001,-0.001,0.025,0.001,3.707,0.002
05/03/2023,06:53:27,13.332,5.002,11.671,-0.001,-0.001,0.025,0.003,11.616,0.004
05/03/2023,07:03:27,13.332,5.002,13.497,-0.001,0,0.025,0.006,16.181,0.009
05/03/2023,07:13:27,13.332,5.002,13.926,-0.001,0,0.025,0.012,17.908,0.015
05/03/2023,07:23:27,13.332,5.002,13.871,-0.001,-0.001,0.025,0.018,18.656,0.021
05/03/2023,07:33:27,13.332,5.002,14.091,-0.001,-0.001,0.026,0.023,19.085,0.026
05/03/2023,07:43:27,13.123,4.88,13.871,-0.001,0.936,0.025,0.028,19.36,0.031
05/03/2023,07:53:27,13.123,4.88,13.926,-0.001,1.005,0.025,0.033,19.624,0.036
05/03/2023,08:03:27,13.167,4.88,14.355,-0.001,1.006,0.025,0.066,20.592,0.07
05/03/2023,08:13:27,13.167,4.88,14.575,-0.001,1.007,0.025,0.097,20.966,0.102
05/03/2023,08:23:27,13.167,4.88,14.729,-0.001,0.977,0.025,0.12,21.186,0.128
05/03/2023,08:33:27,13.222,4.88,14.839,-0.001,0.968,0.025,0.153,21.285,0.158
05/03/2023,08:43:27,13.222,4.88,14.839,-0.001,0.965,0.026,0.194,21.285,0.199
05/03/2023,08:53:27,13.277,4.88,14.894,-0.001,0.944,0.025,0.239,21.395,0.244
05/03/2023,09:03:27,13.277,4.88,15.004,-0.001,0.905,0.026,0.285,21.505,0.291
05/03/2023,09:13:27,13.332,4.88,15.158,-0.001,0.902,0.025,0.333,21.615,0.339
05/03/2023,09:23:27,13.387,4.88,15.323,-0.001,0.883,0.025,0.381,21.67,0.387
05/03/2023,09:33:27,13.387,4.88,15.378,-0.001,0.846,0.025,0.428,21.67,0.436
05/03/2023,09:43:27,13.442,4.88,15.378,-0.001,0.863,0.026,0.475,21.67,0.483
05/03/2023,09:53:27,13.497,4.88,15.433,-0.001,0.789,0.025,0.521,21.725,0.529
05/03/2023,10:03:27,13.552,4.88,15.433,-0.001,0.755,0.025,0.566,21.725,0.575
05/03/2023,10:13:27,13.552,4.88,15.433,-0.001,0.76,0.025,0.61,21.67,0.619
05/03/2023,10:23:27,13.607,4.88,15.433,-0.001,0.725,0.025,0.652,21.67,0.661
05/03/2023,10:33:27,13.651,4.88,15.543,-0.001,0.739,0.025,0.693,21.67,0.703
05/03/2023,10:43:27,13.651,4.88,15.587,-0.001,0.726,0.025,0.732,21.67,0.743
05/03/2023,10:53:27,13.706,4.941,15.587,-0.001,0.703,0.026,0.769,21.615,0.781
05/03/2023,11:03:27,13.761,4.941,15.587,-0.001,0.663,0.025,0.804,21.615,0.816
05/03/2023,11:13:27,13.761,4.941,15.587,-0.001,0.539,0.026,0.838,21.56,0.85
05/03/2023,11:23:27,13.816,4.941,15.543,-0.001,0.44,0.025,0.868,21.505,0.881
05/03/2023,11:33:27,13.816,4.941,15.543,-0.001,0.356,0.025,0.898,21.56,0.912
05/03/2023,11:43:27,13.871,4.941,15.488,-0.001,0.296,0.025,0.925,21.45,0.94
05/03/2023,11:53:27,13.651,4.941,18.436,-0.001,0.249,0.025,0.474,21.45,0.965
05/03/2023,12:03:27,13.442,4.941,21.186,-0.001,0.128,0.026,0.003,21.241,0.99
05/03/2023,12:13:27,13.442,5.002,21.241,-0.001,-0.001,0.026,0.003,21.285,1.012
05/03/2023,12:23:27,13.442,5.002,21.076,-0.001,-0.001,0.026,0.003,21.131,1.032
05/03/2023,12:33:27,13.442,5.002,21.076,-0.001,-0.001,0.026,0.003,21.131,1.05
05/03/2023,12:43:27,13.442,5.002,21.076,-0.001,-0.001,0.026,0.003,21.131,1.062
05/03/2023,12:53:27,13.442,5.002,21.076,-0.001,-0.001,0.026,0.003,21.076,1.072
05/03/2023,13:03:27,13.442,5.002,21.021,-0.001,-0.001,0.026,0.003,21.021,1.082
05/03/2023,13:13:27,13.332,4.941,21.076,-0.001,0.496,0.026,0.003,21.076,1.088
05/03/2023,13:23:27,13.332,4.941,21.021,-0.001,0.255,0.026,0.003,21.076,1.088
05/03/2023,13:33:27,13.387,5.002,20.966,-0.001,-0.001,0.026,0.003,20.966,1.094
05/03/2023,13:43:27,13.442,5.002,21.021,-0.001,0,0.026,0.003,21.021,1.093
05/03/2023,13:53:27,13.442,5.002,20.856,-0.001,-0.001,0.026,0.003,20.911,1.092
05/03/2023,14:03:27,13.387,5.002,21.021,-0.001,-0.001,0.027,0.003,21.076,1.087
05/03/2023,14:13:27,13.387,5.002,21.021,-0.001,-0.001,0.026,0.003,21.076,1.079
05/03/2023,14:23:27,13.387,5.002,20.966,-0.001,-0.001,0.026,0.003,21.021,1.078
05/03/2023,14:33:27,13.387,5.002,21.021,-0.001,-0.001,0.026,0.003,21.021,1.064
05/03/2023,14:43:27,13.387,5.002,21.021,-0.001,-0.001,0.026,0.003,21.021,0.983
05/03/2023,14:53:27,13.387,5.002,21.021,-0.001,-0.001,0.027,0.003,21.021,1.053
05/03/2023,15:03:27,13.387,5.002,20.966,-0.001,-0.001,0.026,0.003,21.021,1.01
05/03/2023,15:13:27,13.387,5.002,21.021,-0.001,-0.001,0.026,0.003,21.021,0.924
05/03/2023,15:23:27,13.332,4.941,20.966,-0.001,0.395,0.026,0.003,21.021,0.951
05/03/2023,15:33:27,13.222,4.941,20.966,-0.001,0.568,0.026,0.003,21.021,0.931
05/03/2023,15:43:27,13.277,4.941,21.076,-0.001,0.46,0.026,0.003,21.076,0.883
05/03/2023,15:53:27,13.277,4.941,21.021,-0.001,0.271,0.026,0.003,21.076,0.847
05/03/2023,16:03:27,13.277,4.941,20.966,-0.001,0.259,0.026,0.003,21.021,0.81
05/03/2023,16:13:27,13.277,4.941,21.021,-0.001,0.334,0.026,0.003,21.076,0.771
05/03/2023,16:23:27,13.277,4.941,21.021,-0.001,0.325,0.026,0.003,21.021,0.729
05/03/2023,16:33:27,13.277,4.941,21.021,-0.001,0.318,0.026,0.003,21.021,0.682
05/03/2023,16:43:27,13.277,4.941,21.021,-0.001,0.313,0.026,0.003,21.076,0.636
05/03/2023,16:53:27,13.277,4.941,21.076,-0.001,0.308,0.026,0.003,21.131,0.578
05/03/2023,17:03:27,13.277,4.941,21.021,-0.001,0.293,0.026,0.003,21.076,0.512
05/03/2023,17:13:27,13.277,4.941,21.076,-0.001,0.27,0.026,0.003,21.076,0.466
05/03/2023,17:23:27,13.277,4.941,20.911,-0.001,0.246,0.026,0.003,20.911,0.407
05/03/2023,17:33:27,13.277,4.941,19.624,-0.001,0.222,0.026,0.003,19.514,0.176
05/03/2023,17:43:27,13.277,4.941,18.546,0,0.199,0.026,0.003,18.546,0.039
05/03/2023,17:53:27,13.332,4.941,18.337,-0.001,0.175,0.026,0.003,18.337,0.031
05/03/2023,18:03:27,13.332,4.941,17.688,0.007,0.153,0.026,0.003,17.688,0.022
05/03/2023,18:13:27,13.332,4.941,16.83,0.003,0.134,0.026,0.003,16.72,0.014
05/03/2023,18:23:27,13.277,5.002,14.575,0.095,0.004,0.026,0.003,14.3,0.007
05/03/2023,18:33:27,13.332,5.002,10.274,-0.001,-0.001,0.025,0.003,9.46,0.004
05/03/2023,18:43:27,13.277,5.002,2.42,0.083,-0.001,0.025,0.001,1.771,0.002
05/03/2023,18:53:27,13.222,5.002,0.264,0.226,-0.001,0.025,0,0.22,0
05/03/2023,19:03:27,13.222,5.002,0,0.226,-0.001,0.026,0,0,0
05/03/2023,19:13:27,13.222,5.002,0,0.226,-0.001,0.025,0,0,0
05/03/2023,19:23:27,13.222,5.002,0,0.226,-0.001,0.025,0,0,0
05/03/2023,19:33:27,13.222,5.002,0,0.226,-0.001,0.025,0,0,0
05/03/2023,19:43:27,13.222,5.002,0,0.226,-0.001,0.025,0,0,0
05/03/2023,19:53:27,13.222,5.002,0,0.226,-0.001,0.025,0,0,0
05/03/2023,20:03:27,13.222,5.002,0,0.226,-0.001,0.025,0,0,0
05/03/2023,20:13:27,13.222,5.002,0,0.226,-0.001,0.025,0,0,0
05/03/2023,20:23:27,13.222,5.002,0,0.226,-0.001,0.026,0,0,0
05/03/2023,20:33:27,13.222,5.002,0,0.226,-0.001,0.025,0,0,0
05/03/2023,20:43:27,13.222,5.002,0,0.225,-0.001,0.025,0,0,0
05/03/2023,20:53:27,13.222,5.002,0,0.226,-0.001,0.025,0,0,0
05/03/2023,21:03:27,13.222,5.002,0,0.226,-0.001,0.025,0,0,0
05/03/2023,21:13:27,13.167,5.002,0,0.226,-0.001,0.025,0,0,0
05/03/2023,21:23:27,13.167,5.002,0,0.192,-0.001,0.025,0,0,0
05/03/2023,21:33:27,13.332,5.002,0,-0.001,0,0.025,0,0,0
05/03/2023,21:43:27,13.332,5.002,0,-0.001,-0.001,0.025,0,0,0
05/03/2023,21:53:27,13.332,5.002,0,-0.001,-0.001,0.025,0,0,0
05/03/2023,22:03:27,13.332,5.002,0,-0.001,0,0.025,0,0,0
05/03/2023,22:13:27,13.332,5.002,0,-0.001,-0.001,0.025,0,0,0
05/03/2023,22:23:27,13.332,5.002,0,-0.001,-0.001,0.025,0,0,0
05/03/2023,22:33:27,13.332,5.002,0,-0.001,0,0.026,0,0,0
05/03/2023,22:43:27,13.332,5.002,0,-0.001,-0.001,0.025,0,0,0
05/03/2023,22:53:27,13.332,5.002,0,-0.001,-0.001,0.025,0,0,0
05/03/2023,23:03:27,13.332,5.002,0,-0.001,-0.001,0.025,0,0,0
05/03/2023,23:13:27,13.332,5.002,0,-0.001,-0.001,0.025,0,0,0
05/03/2023,23:23:27,13.332,5.002,0,-0.001,-0.001,0.025,0,0,0
05/03/2023,23:33:27,13.332,5.002,0,0,0,0.025,0,0,0
05/03/2023,23:43:27,13.332,5.002,0,-0.001,-0.001,0.025,0,0,0
05/03/2023,23:53:27,13.332,5.002,0,-0.001,-0.001,0.025,0,0,0
05/04/2023,00:03:27,13.332,5.002,0,-0.001,-0.001,0.025,0,0,0
05/04/2023,00:13:27,13.332,5.002,0,-0.001,0,0.025,0,0,0
05/04/2023,00:23:27,13.332,5.002,0,-0.001,-0.001,0.025,0,0,0
05/04/2023,00:33:27,13.332,5.002,0,-0.001,-0.001,0.025,0,0,0
05/04/2023,00:43:27,13.332,5.002,0,-0.001,-0.001,0.025,0,0,0
05/04/2023,00:53:27,13.332,5.002,0,-0.001,-0.001,0.025,0,0,0
05/04/2023,01:03:27,13.332,5.002,0,-0.001,0,0.025,0,0,0
05/04/2023,01:13:27,13.332,5.002,0,-0.001,-0.001,0.025,0,0,0
05/04/2023,01:23:27,13.332,5.002,0,-0.001,0,0.025,0,0,0
05/04/2023,01:33:27,13.332,5.002,0,-0.001,0,0.025,0,0,0
05/04/2023,01:43:27,13.332,5.002,0,-0.001,0,0.024,0,0,0
05/04/2023,01:53:27,13.332,5.002,0,-0.001,-0.001,0.025,0,0,0
05/04/2023,02:03:27,13.332,5.002,0,-0.001,-0.001,0.025,0,0,0
05/04/2023,02:13:27,13.332,5.002,0,0,0,0.025,0,0,0
05/04/2023,02:23:27,13.332,5.002,0,-0.001,0,0.025,0,0,0
05/04/2023,02:33:27,13.332,5.002,0,-0.001,0,0.025,0,0,0
05/04/2023,02:43:27,13.332,5.002,0,-0.001,-0.001,0.025,0,0,0
05/04/2023,02:53:27,13.277,5.002,0,-0.001,-0.001,0.025,0,0,0
05/04/2023,03:03:27,13.277,5.002,0,-0.001,-0.001,0.025,0,0,0
05/04/2023,03:13:27,13.277,5.002,0,-0.001,0,0.025,0,0,0
05/04/2023,03:23:27,13.277,5.002,0,-0.001,-0.001,0.025,0,0,0
05/04/2023,03:33:27,13.277,5.002,0,-0.001,-0.001,0.025,0,0,0
05/04/2023,03:43:27,13.277,5.002,0,-0.001,-0.001,0.026,0,0,0
05/04/2023,03:53:27,13.277,5.002,0,-0.001,-0.001,0.025,0,0,0
05/04/2023,04:03:27,13.277,5.002,0,-0.001,-0.001,0.025,0,0,0
05/04/2023,04:13:27,13.277,5.002,0,-0.001,-0.001,0.025,0,0,0
05/04/2023,04:23:27,13.277,5.002,0,0,-0.001,0.025,0,0,0
05/04/2023,04:33:27,13.277,5.002,0,-0.001,-0.001,0.025,0,0,0
05/04/2023,04:43:27,13.277,5.002,0,-0.001,-0.001,0.025,0,0,0
05/04/2023,04:53:27,13.277,5.002,0,-0.001,0.057,0.025,0,0,0
05/04/2023,05:03:27,13.068,4.88,0,-0.001,0.789,0.025,0,0,0
05/04/2023,05:13:27,13.068,4.88,0,-0.001,0.716,0.025,0,0,0
05/04/2023,05:23:27,13.068,4.88,0,-0.001,0.67,0.025,0,0,0
05/04/2023,05:33:27,13.068,4.941,0,-0.001,0.598,0.025,0,0,0
05/04/2023,05:43:27,13.068,4.941,0,-0.001,0.552,0.025,0,0,0
05/04/2023,05:53:27,13.068,4.941,0,-0.001,0.527,0.025,0,0,0
05/04/2023,06:03:27,13.068,4.941,0,-0.001,0.496,0.025,0,0,0
05/04/2023,06:13:27,13.068,4.941,0,-0.001,0.482,0.025,0,0,0
05/04/2023,06:23:27,13.068,4.941,0.055,-0.001,0.568,0.025,0,0.055,0
05/04/2023,06:33:27,13.068,4.941,0.484,-0.001,0.553,0.025,0,0.484,0
05/04/2023,06:43:27,13.068,4.941,5.324,-0.001,0.552,0.025,0.002,5.005,0.003
05/04/2023,06:53:27,13.123,4.941,12.793,-0.001,0.399,0.026,0.003,12.639,0.005
05/04/2023,07:03:27,13.167,5.002,16.401,-0.001,0,0.026,0.003,16.401,0.01
05/04/2023,07:13:27,13.068,4.88,17.908,-0.001,0.504,0.026,0.003,17.908,0.015
05/04/2023,07:23:27,13.013,4.88,18.601,-0.001,0.862,0.026,0.003,18.601,0.021
05/04/2023,07:33:27,12.958,4.88,18.975,-0.001,1.008,0.026,0.003,18.975,0.026
05/04/2023,07:43:27,12.958,4.88,19.25,-0.001,0.949,0.026,0.003,19.25,0.03
05/04/2023,07:53:27,13.013,4.88,19.404,-0.001,0.662,0.026,0.003,19.459,0.035
05/04/2023,08:03:27,13.068,4.941,20.273,-0.001,0.518,0.026,0.003,20.328,0.061
05/04/2023,08:13:27,13.123,4.941,20.647,-0.001,0.44,0.027,0.003,20.647,0.087
05/04/2023,08:23:27,13.123,4.941,20.757,-0.001,0.264,0.027,0.003,20.801,0.117
05/04/2023,08:33:27,13.167,5.002,20.911,-0.001,0.029,0.026,0.003,20.966,0.154
05/04/2023,08:43:27,13.167,5.002,21.076,-0.001,-0.001,0.026,0.003,21.131,0.196
05/04/2023,08:53:27,13.167,5.002,21.186,-0.001,-0.001,0.026,0.003,21.186,0.24
05/04/2023,09:03:27,13.167,5.002,21.285,-0.001,-0.001,0.026,0.003,21.285,0.286
05/04/2023,09:13:27,13.167,5.002,21.395,-0.001,-0.001,0.026,0.003,21.395,0.333
05/04/2023,09:23:27,13.167,5.002,21.56,-0.001,-0.001,0.026,0.003,21.56,0.381
05/04/2023,09:33:27,13.167,5.002,21.56,-0.001,-0.001,0.026,0.003,21.56,0.428
05/04/2023,09:43:27,13.167,5.002,21.56,-0.001,0,0.026,0.003,21.615,0.476
05/04/2023,09:53:27,13.167,5.002,21.56,-0.001,-0.001,0.026,0.003,21.615,0.521
05/04/2023,10:03:27,13.167,5.002,21.505,-0.001,-0.001,0.027,0.003,21.56,0.567
05/04/2023,10:13:27,13.167,5.002,21.45,-0.001,0,0.026,0.003,21.45,0.612
05/04/2023,10:23:27,13.167,5.002,21.395,-0.001,-0.001,0.026,0.003,21.45,0.655
05/04/2023,10:33:27,13.167,5.002,21.395,-0.001,-0.001,0.026,0.003,21.395,0.697
05/04/2023,10:43:27,13.167,5.002,21.34,-0.001,-0.001,0.026,0.003,21.395,0.736
05/04/2023,10:53:27,13.167,5.002,21.45,-0.001,-0.001,0.026,0.003,21.45,0.774
05/04/2023,11:03:27,13.167,5.002,21.285,-0.001,0,0.026,0.003,21.285,0.81
05/04/2023,11:13:27,13.167,5.002,21.186,-0.001,-0.001,0.026,0.003,21.241,0.845
05/04/2023,11:23:27,13.167,5.002,21.285,-0.001,-0.001,0.026,0.003,21.34,0.877
05/04/2023,11:33:27,13.167,5.002,21.241,-0.001,-0.001,0.026,0.003,21.285,0.907
05/04/2023,11:43:27,13.167,5.002,21.285,-0.001,-0.001,0.026,0.003,21.285,0.932
05/04/2023,11:53:27,13.167,5.002,21.241,-0.001,-0.001,0.026,0.003,21.285,0.96
05/04/2023,12:03:27,13.167,5.002,21.186,-0.001,0,0.027,0.003,21.186,0.984
05/04/2023,12:13:27,13.167,5.002,21.131,-0.001,-0.001,0.026,0.003,21.131,1.003
05/04/2023,12:23:27,13.167,5.002,21.076,-0.001,-0.001,0.026,0.003,21.131,1.023
05/04/2023,12:33:27,13.167,5.002,21.076,-0.001,-0.001,0.026,0.003,21.076,1.041
05/04/2023,12:43:27,13.167,5.002,20.966,-0.001,-0.001,0.026,0.003,21.021,1.056
05/04/2023,12:53:27,13.167,5.002,20.911,-0.001,-0.001,0.026,0.003,20.911,1.07
05/04/2023,13:03:27,13.167,5.002,20.856,-0.001,-0.001,0.026,0.003,20.911,1.078
05/04/2023,13:13:27,13.167,5.002,20.911,-0.001,-0.001,0.026,0.003,20.911,1.085
05/04/2023,13:23:27,13.167,5.002,20.911,-0.001,-0.001,0.026,0.003,20.911,1.087
05/04/2023,13:33:27,13.167,5.002,20.856,-0.001,-0.001,0.026,0.003,20.856,1.089
05/04/2023,13:43:27,13.167,5.002,20.801,-0.001,-0.001,0.026,0.003,20.801,1.089
05/04/2023,13:53:27,13.167,5.002,20.911,-0.001,-0.001,0.026,0.003,20.911,1.085
05/04/2023,14:03:27,13.167,5.002,20.856,-0.001,-0.001,0.026,0.003,20.911,1.076
05/04/2023,14:13:27,13.167,5.002,20.757,-0.001,-0.001,0.026,0.003,20.757,1.065
05/04/2023,14:23:27,13.167,5.002,20.702,-0.001,-0.001,0.026,0.003,20.702,1.057
05/04/2023,14:33:27,13.167,5.002,20.911,-0.001,-0.001,0.026,0.003,20.911,1.041
05/04/2023,14:43:27,13.167,5.002,21.021,-0.001,0,0.026,0.003,21.021,1.024
05/04/2023,14:53:27,13.167,5.002,21.186,-0.001,-0.001,0.026,0.003,21.241,1.003
05/04/2023,15:03:27,13.167,5.002,21.131,-0.001,0,0.026,0.003,21.186,0.986
05/04/2023,15:13:27,13.167,5.002,21.021,-0.001,-0.001,0.026,0.003,21.021,0.964
05/04/2023,15:23:27,13.222,5.002,21.131,-0.001,0,0.026,0.003,21.186,0.945
05/04/2023,15:33:27,13.222,5.002,21.131,-0.001,-0.001,0.026,0.003,21.186,0.923
05/04/2023,15:43:27,13.222,5.002,21.076,-0.001,-0.001,0.026,0.003,21.131,0.865
05/04/2023,15:53:27,13.222,5.002,21.241,-0.001,-0.001,0.026,0.003,21.241,0.852
05/04/2023,16:03:27,13.222,5.002,21.186,-0.001,-0.001,0.026,0.003,21.186,0.69
05/04/2023,16:13:27,13.222,5.002,21.285,-0.001,-0.001,0.026,0.003,21.285,0.781
05/04/2023,16:23:27,13.222,5.002,20.427,-0.001,-0.001,0.026,0.003,20.372,0.391
05/04/2023,16:33:27,13.222,5.002,19.943,-0.001,-0.001,0.026,0.003,19.998,0.117
05/04/2023,16:43:27,13.222,5.002,20.163,-0.001,-0.001,0.026,0.003,20.218,0.125
05/04/2023,16:53:27,13.222,5.002,20.053,-0.001,-0.001,0.026,0.003,20.053,0.111
05/04/2023,17:03:27,13.222,5.002,19.888,-0.001,-0.001,0.026,0.003,19.888,0.094
05/04/2023,17:13:27,13.222,5.002,19.998,-0.001,-0.001,0.026,0.003,20.108,0.113
05/04/2023,17:23:27,13.222,5.002,20.647,-0.001,-0.001,0.026,0.003,20.702,0.218
05/04/2023,17:33:27,13.222,5.002,19.998,-0.001,0,0.026,0.003,19.998,0.111
05/04/2023,17:43:27,13.222,5.002,19.789,-0.001,0,0.026,0.003,19.844,0.085
05/04/2023,17:53:27,13.222,5.002,19.305,-0.001,-0.001,0.026,0.003,19.305,0.057
05/04/2023,18:03:27,13.222,5.002,18.766,-0.001,-0.001,0.026,0.003,18.766,0.038
05/04/2023,18:13:27,13.222,5.002,17.908,-0.001,-0.001,0.026,0.003,17.798,0.023
05/04/2023,18:23:27,13.222,5.002,14.355,-0.001,-0.001,0.026,0.003,13.981,0.007
05/04/2023,18:33:27,13.167,5.002,9.086,-0.001,-0.001,0.025,0.003,8.173,0.003
05/04/2023,18:43:27,13.123,5.002,1.716,0.176,0,0.025,0.001,1.287,0.001
05/04/2023,18:53:27,13.068,5.002,0.11,0.233,-0.001,0.025,0,0.11,0
05/04/2023,19:03:27,13.068,5.002,0,0.231,-0.001,0.025,0,0,0
05/04/2023,19:13:27,13.068,5.002,0,0.23,-0.001,0.025,0,0,0
05/04/2023,19:23:27,13.068,5.002,0,0.23,-0.001,0.025,0,0,0
05/04/2023,19:33:27,13.068,5.002,0,0.23,-0.001,0.025,0,0,0
05/04/2023,19:43:27,13.068,5.002,0,0.232,-0.001,0.025,0,0,0
05/04/2023,19:53:27,13.068,5.002,0,0.232,-0.001,0.025,0,0,0
05/04/2023,20:03:27,13.068,5.002,0,0.231,-0.001,0.025,0,0,0
05/04/2023,20:13:27,13.068,5.002,0,0.231,-0.001,0.025,0,0,0
05/04/2023,20:23:27,13.013,5.002,0,0.231,0,0.025,0,0,0
05/04/2023,20:33:27,13.013,5.002,0,0.231,-0.001,0.025,0,0,0
05/04/2023,20:43:27,13.013,5.002,0,0.232,-0.001,0.025,0,0,0.001
05/04/2023,20:53:27,13.013,5.002,0,0.233,-0.001,0.025,0,0,0
05/04/2023,21:03:27,13.013,5.002,0,0.231,-0.001,0.025,0,0,0
05/04/2023,21:13:27,13.013,5.002,0,0.233,0,0.025,0,0,0
05/04/2023,21:23:27,13.013,5.002,0,0.233,-0.001,0.025,0,0,0
05/04/2023,21:33:27,13.013,5.002,0,0.233,-0.001,0.025,0,0,0
05/04/2023,21:43:27,13.123,5.002,0,0.023,0,0.025,0,0,0
05/04/2023,21:53:27,13.167,5.002,0,-0.001,0,0.025,0,0,0
05/04/2023,22:03:27,13.167,5.002,0,-0.001,-0.001,0.025,0,0,0
05/04/2023,22:13:27,13.167,5.002,0,-0.001,-0.001,0.025,0,0,0
05/04/2023,22:23:27,13.167,5.002,0,-0.001,-0.001,0.025,0,0,0
05/04/2023,22:33:27,13.167,5.002,0,-0.001,-0.001,0.025,0,0,0
05/04/2023,22:43:27,13.167,5.002,0,-0.001,-0.001,0.025,0,0,0
05/04/2023,22:53:27,13.167,5.002,0,0,-0.001,0.025,0,0,0
05/04/2023,23:03:27,13.167,5.002,0.055,-0.001,-0.001,0.025,0,0,0
05/04/2023,23:13:27,13.167,5.002,0.055,-0.001,0,0.025,0,0,0
05/04/2023,23:23:27,13.167,5.002,0.055,0,-0.001,0.025,0,0,0
05/04/2023,23:33:27,13.167,5.002,0.055,-0.001,0,0.025,0,0,0
05/04/2023,23:43:27,13.167,5.002,0.055,0.007,-0.001,0.025,0,0,0
05/04/2023,23:53:27,13.013,5.002,0.055,0.23,-0.001,0.025,0,0,0
05/05/2023,00:03:27,13.013,5.002,0.055,0.229,-0.001,0.025,0,0,0
05/05/2023,00:13:27,12.958,5.002,0,0.229,-0.001,0.025,0,0,0
05/05/2023,00:23:27,12.958,5.002,0.055,0.229,-0.001,0.025,0,0,0
05/05/2023,00:33:27,12.958,5.002,0.055,0.229,-0.001,0.025,0,0,0
05/05/2023,00:43:27,12.958,5.002,0.055,0.229,-0.001,0.025,0,0,0
05/05/2023,00:53:27,12.958,5.002,0,0.229,-0.001,0.025,0,0,0
05/05/2023,01:03:27,12.958,5.002,0.055,0.229,-0.001,0.025,0,0.055,0
05/05/2023,01:13:27,12.958,5.002,0.055,0.229,-0.001,0.025,0,0,0
05/05/2023,01:23:27,12.958,5.002,0,0.229,-0.001,0.025,0,0,0
05/05/2023,01:33:27,13.013,5.002,0,0.034,-0.001,0.025,0,0,0
05/05/2023,01:43:27,13.068,5.002,0,-0.001,0,0.025,0,0,0
05/05/2023,01:53:27,13.068,5.002,0,-0.001,-0.001,0.026,0,0,0
05/05/2023,02:03:27,13.068,5.002,0,-0.001,-0.001,0.025,0,0,0
05/05/2023,02:13:27,13.068,5.002,0,-0.001,-0.001,0.025,0,0,0
05/05/2023,02:23:27,13.068,5.002,0,-0.001,-0.001,0.025,0,0,0
05/05/2023,02:33:27,13.068,5.002,0,-0.001,-0.001,0.025,0,0,0
05/05/2023,02:43:27,13.068,5.002,0,-0.001,-0.001,0.025,0,0,0
05/05/2023,02:53:27,13.068,5.002,0,-0.001,0,0.025,0,0,0
05/05/2023,03:03:27,13.068,5.002,0,-0.001,-0.001,0.025,0,0,0
05/05/2023,03:13:27,13.068,5.002,0,-0.001,-0.001,0.025,0,0,0
05/05/2023,03:23:27,13.068,5.002,0,-0.001,-0.001,0.025,0,0,0
05/05/2023,03:33:27,13.068,5.002,0,-0.001,-0.001,0.024,0,0,0
05/05/2023,03:43:27,13.068,5.002,0,-0.001,-0.001,0.025,0,0,0
05/05/2023,03:53:27,13.068,5.002,0,-0.001,-0.001,0.025,0,0,0
05/05/2023,04:03:27,13.068,5.002,0,-0.001,0,0.025,0,0,0
05/05/2023,04:13:27,13.068,5.002,0,-0.001,0,0.025,0,0,0
05/05/2023,04:23:27,13.068,5.002,0,-0.001,-0.001,0.025,0,0,0
05/05/2023,04:33:27,13.068,5.002,0,-0.001,-0.001,0.025,0,0,0
05/05/2023,04:43:27,13.068,5.002,0,-0.001,-0.001,0.025,0,0,0.001
05/05/2023,04:53:27,13.068,5.002,0,-0.001,-0.001,0.025,0,0,0
05/05/2023,05:03:27,13.068,5.002,0,-0.001,-0.001,0.025,0,0,0
05/05/2023,05:13:27,13.068,5.002,0,-0.001,-0.001,0.025,0,0,0
05/05/2023,05:23:27,13.068,5.002,0,-0.001,-0.001,0.025,0,0,0
05/05/2023,05:33:27,13.068,5.002,0,-0.001,-0.001,0.025,0,0,0
05/05/2023,05:43:27,13.068,5.002,0,-0.001,-0.001,0.025,0,0,0
05/05/2023,05:53:27,13.068,5.002,0,-0.001,-0.001,0.025,0,0,0
05/05/2023,06:03:27,12.903,5.002,0,0.226,-0.001,0.025,0,0,0
05/05/2023,06:13:27,12.848,5.002,0,0.233,-0.001,0.025,0,0,0
05/05/2023,06:23:27,12.848,5.002,0,0.233,-0.001,0.025,0,0,0
05/05/2023,06:33:27,12.848,5.002,0.319,0.233,-0.001,0.025,0,0.319,0
05/05/2023,06:43:27,12.848,5.002,1.716,0.233,-0.001,0.025,0.001,1.507,0.002
05/05/2023,06:53:27,12.848,5.002,9.196,0.233,-0.001,0.025,0.003,9.086,0.004
05/05/2023,07:03:27,12.793,5.002,12.419,0.233,-0.001,0.025,0.003,11.99,0.004
05/05/2023,07:13:27,12.793,5.002,14.619,0.234,-0.001,0.026,0.003,14.575,0.006
05/05/2023,07:23:27,12.903,5.002,16.181,0.046,-0.001,0.026,0.003,16.181,0.01
05/05/2023,07:33:27,12.958,5.002,17.424,-0.001,-0.001,0.026,0.003,17.424,0.015
05/05/2023,07:43:27,12.958,5.002,19.305,-0.001,-0.001,0.026,0.003,19.404,0.046
05/05/2023,07:53:27,12.958,5.002,20.427,-0.001,-0.001,0.026,0.003,20.427,0.09
05/05/2023,08:03:27,12.958,5.002,20.757,-0.001,-0.001,0.026,0.003,20.801,0.138
05/05/2023,08:13:27,12.958,5.002,20.801,-0.001,-0.001,0.026,0.003,20.856,0.17
05/05/2023,08:23:27,12.958,5.002,20.911,-0.001,-0.001,0.026,0.003,20.911,0.198
05/05/2023,08:33:27,12.958,5.002,20.911,-0.001,-0.001,0.026,0.003,20.966,0.195
05/05/2023,08:43:27,12.958,5.002,21.395,-0.001,-0.001,0.026,0.003,21.45,0.313
05/05/2023,08:53:27,12.958,5.002,21.285,-0.001,-0.001,0.026,0.003,21.285,0.33
05/05/2023,09:03:27,12.958,5.002,21.395,-0.001,-0.001,0.026,0.003,21.45,0.393
05/05/2023,09:13:27,12.958,5.002,21.021,-0.001,-0.001,0.026,0.003,20.966,0.265
05/05/2023,09:23:27,12.958,5.002,21.186,-0.001,-0.001,0.026,0.003,21.241,0.324
05/05/2023,09:33:27,12.958,5.002,20.966,-0.001,-0.001,0.026,0.003,21.021,0.28
05/05/2023,09:43:27,12.958,5.002,20.482,-0.001,0,0.026,0.003,20.482,0.165
05/05/2023,09:53:27,12.958,5.002,20.218,-0.001,-0.001,0.026,0.003,20.273,0.114
05/05/2023,10:03:27,12.958,5.002,20.482,-0.001,-0.001,0.026,0.003,20.482,0.133
05/05/2023,10:13:27,12.958,5.002,20.108,-0.001,-0.001,0.026,0.003,20.108,0.097
05/05/2023,10:23:27,12.958,5.002,19.679,-0.001,0,0.026,0.003,19.734,0.062
05/05/2023,10:33:27,12.903,5.002,20.273,-0.001,-0.001,0.026,0.003,20.372,0.095
05/05/2023,10:43:27,12.903,5.002,21.725,-0.001,-0.001,0.026,0.003,21.725,0.28
05/05/2023,10:53:27,12.903,5.002,21.45,-0.001,-0.001,0.026,0.003,21.45,0.227
05/05/2023,11:03:27,12.903,5.002,21.505,-0.001,-0.001,0.026,0.003,21.56,0.243
05/05/2023,11:13:27,12.903,5.002,22.308,-0.001,-0.001,0.026,0.003,22.308,0.82
05/05/2023,11:23:27,12.903,5.002,21.67,-0.001,-0.001,0.026,0.003,21.67,0.621
05/05/2023,11:33:27,12.903,5.002,21.45,-0.001,-0.001,0.026,0.003,21.505,0.485
05/05/2023,11:43:27,12.903,5.002,21.56,-0.001,-0.001,0.026,0.003,21.56,0.521
05/05/2023,11:53:27,12.903,5.002,21.56,-0.001,0,0.026,0.003,21.67,0.668
05/05/2023,12:03:27,12.903,5.002,21.395,-0.001,-0.001,0.026,0.003,21.34,0.703
05/05/2023,12:13:27,12.903,5.002,21.131,-0.001,-0.001,0.026,0.003,21.186,0.45
05/05/2023,12:23:27,12.903,5.002,21.285,-0.001,-0.001,0.026,0.003,21.285,0.414
05/05/2023,12:33:27,12.903,5.002,21.076,-0.001,-0.001,0.026,0.003,21.076,0.293
05/05/2023,12:43:27,12.903,5.002,20.757,-0.001,-0.001,0.026,0.003,20.801,0.203
05/05/2023,12:53:27,12.903,5.002,20.647,-0.001,-0.001,0.026,0.003,20.647,0.162
05/05/2023,13:03:27,12.903,5.002,21.021,-0.001,-0.001,0.026,0.003,21.131,0.215
05/05/2023,13:13:27,12.903,5.002,21.769,-0.001,-0.001,0.026,0.003,21.824,0.375
05/05/2023,13:23:27,12.903,5.002,21.615,-0.001,-0.001,0.026,0.003,21.615,0.419
05/05/2023,13:33:27,12.903,5.002,21.021,-0.001,-0.001,0.026,0.003,21.076,0.27
05/05/2023,13:43:27,12.683,4.88,20.757,-0.001,0.779,0.026,0.003,20.801,0.163
05/05/2023,13:53:27,12.584,4.88,21.021,-0.001,0.999,0.026,0.003,21.021,0.164
05/05/2023,14:03:27,12.584,4.88,20.966,-0.001,1.002,0.026,0.003,20.966,0.163
05/05/2023,14:13:27,12.529,4.88,21.285,-0.001,1.004,0.026,0.003,21.285,0.212
05/05/2023,14:23:27,12.529,4.88,20.911,-0.001,1.005,0.027,0.003,20.911,0.161
05/05/2023,14:33:27,12.529,4.88,20.911,-0.001,1.008,0.026,0.003,20.966,0.158
05/05/2023,14:43:27,12.529,4.88,20.966,-0.001,1.012,0.026,0.003,20.966,0.169
05/05/2023,14:53:27,12.529,4.88,21.076,-0.001,1.02,0.027,0.003,21.186,0.215
05/05/2023,15:03:27,12.474,4.88,21.725,-0.001,1.001,0.026,0.003,21.725,0.361
05/05/2023,15:13:27,12.474,4.88,21.34,-0.001,0.976,0.026,0.003,21.34,0.275
05/05/2023,15:23:27,12.364,4.88,21.186,-0.001,0.954,0.026,0.003,21.241,0.246
05/05/2023,15:33:27,12.254,4.88,21.56,-0.001,0.937,0.026,0.003,21.615,0.395
05/05/2023,15:43:27,12.199,4.941,21.34,-0.001,0.504,0.026,0.003,21.34,0.33
05/05/2023,15:53:27,12.045,5.002,21.285,-0.001,0.001,0.026,0.003,21.285,0.321
05/05/2023,16:03:27,11.77,5.002,21.241,-0.001,0.001,0.027,0.003,21.241,0.316
05/05/2023,16:13:27,11.451,5.002,20.647,-0.001,0.001,0.026,0.003,20.592,0.172
05/05/2023,16:23:27,10.857,4.88,20.537,-0.001,0.562,0.026,0.003,20.537,0.146
